organizationCode,organizationName,parentOrganizationCode,regionCode,stateCode,address,organizationHindiName,districtId,estdYear,studentsCount,schoolUrl
sssa,"PM-SHRI Jawahar Navodaya Vidyalaya Lepakshi, Sri Sathya Sai (Anantapur), Andhra Pradesh - 515331",RO-HYDERABAD,HYDERABAD,01,LEPAKSHI/ VEERBHADRA TEMPLE - LEPAKSHI - 515331,"पीएम-श्री जवाहर नवोदय विद्यालय लेपाक्षी, श्री सत्य साईं (अनंतपुर), आंध्र प्रदेश - 515331",1,1987,0,/nvs-school/ap/sssa
ac,"PM-SHRI Jawahar Navodaya Vidyalaya Valasapalli, Annamayya (Chittoor), Andhra Pradesh - 517326",RO-HYDERABAD,HYDERABAD,01,BOYAKONDA CROSS - VALASAPALLI - 517326,"पीएम-श्री जवाहर नवोदय विद्यालय वलसापल्ली, अन्नामय्या (चित्तूर), आंध्र प्रदेश - 517326",2,1986,0,/nvs-school/ap/ac
kegi,"PM-SHRI Jawahar Navodaya Vidyalaya Peddapuram, Kakinada (East Godavari-I), Andhra Pradesh - 533437",RO-HYDERABAD,HYDERABAD,01,Pandavula Metta - PEDDAPURAM - 533437,"पीएम-श्री जवाहर नवोदय विद्यालय पेद्दापुरम, काकीनाडा (पूर्वी गोदावरी-I), आंध्र प्रदेश - 533437",3,1987,0,/nvs-school/ap/keg1
pg,"PM-SHRI Jawahar Navodaya Vidyalaya Maddirala, Palnadu (Guntur), Andhra Pradesh - 522616",RO-HYDERABAD,HYDERABAD,01,POTHAVARAM POWER STATION - MADDIRALA - 522616,"पीएम-श्री जवाहर नवोदय विद्यालय मद्दिराला, पालनाडु (गुंटूर), आंध्र प्रदेश - 522616",4,1987,0,/nvs-school/ap/pg
ak,"PM-SHRI Jawahar Navodaya Vidyalaya Naramraju Palli, Annamayya (Kadapa), Andhra Pradesh - 516150",RO-HYDERABAD,HYDERABAD,01,AKEPADU - NARAMRAJU PALLI - 516150,"पीएम-श्री जवाहर नवोदय विद्यालय नरमराजू पल्ली, अन्नामय्या (कडप्पा), आंध्र प्रदेश - 516150",5,1987,0,/nvs-school/ap/ak
krishna,"PM-SHRI Jawahar Navodaya Vidyalaya Veleru, Krishna, Andhra Pradesh - 521110",RO-HYDERABAD,HYDERABAD,01,SEETHARAMAPURAM CROSS ROADS - VELERU - 521110,"पीएम-श्री जवाहर नवोदय विद्यालय वेलेरू, कृष्णा, आंध्र प्रदेश - 521110",6,1989,0,/nvs-school/ap/krishna
kurnool,"PM-SHRI Jawahar Navodaya Vidyalaya Banavasi, Kurnool, Andhra Pradesh - 518360",RO-HYDERABAD,HYDERABAD,01,BANAVASI - BANAVASI - 518360,"पीएम-श्री जवाहर नवोदय विद्यालय बनवासी, कुरनूल, आंध्र प्रदेश - 518360",7,1987,0,/nvs-school/ap/kurnool
nellore,"PM-SHRI Jawahar Navodaya Vidyalaya Krishnapuram, Nellore, Andhra Pradesh - 524230",RO-HYDERABAD,HYDERABAD,01,KRISHNAPURAM HIGHWAY - KRISHNAPURAM - 524230,"पीएम-श्री जवाहर नवोदय विद्यालय कृष्णपुरम, नेल्लोर, आंध्र प्रदेश - 524230",8,1987,0,/nvs-school/ap/nellore
prakasam1,"PM-SHRI Jawahar Navodaya Vidyalaya Ongole, Prakasam-I, Andhra Pradesh - 523001",RO-HYDERABAD,HYDERABAD,01,"NSC AREA, BEHIND RIMS - ONGOLE - 523001","पीएम-श्री जवाहर नवोदय विद्यालय ओंगोल, प्रकाशम-I, आंध्र प्रदेश - 523001",9,1987,0,/nvs-school/ap/prakasam1
prakasam2,"PM-SHRI Jawahar Navodaya Vidyalaya Kalujuvvala Padu, Prakasam-II, Andhra Pradesh - 523316",RO-HYDERABAD,HYDERABAD,01,ONGOLE HIGH WAY NEAR TO TOLL GATE MEKALAVARI PALLI - KALUJUVVALA PADU - 523316,"पीएम-श्री जवाहर नवोदय विद्यालय कालुजुववाला पादु, प्रकाशम-II, आंध्र प्रदेश - 523316",10,2009,0,/nvs-school/ap/prakasam2
srikakulam,"PM-SHRI Jawahar Navodaya Vidyalaya Vennelavalasa, Srikakulam, Andhra Pradesh - 532458",RO-HYDERABAD,HYDERABAD,01,NEAR VENNELAVALASA - VENNELAVALASA - 532458,"पीएम-श्री जवाहर नवोदय विद्यालय वेन्नेलावलासा, श्रीकाकुलम, आंध्र प्रदेश - 532458",11,1988,0,/nvs-school/ap/srikakulam
visakhapatnam,"PM-SHRI Jawahar Navodaya Vidyalaya Kommadi, Visakhapatnam, Andhra Pradesh - 530048",RO-HYDERABAD,HYDERABAD,01,NEAR PM PALEM POLICE STATION - KOMMADI - 530048,"पीएम-श्री जवाहर नवोदय विद्यालय कोम्माडी, विशाखापत्तनम, आंध्र प्रदेश - 530048",12,1989,0,/nvs-school/ap/visakhapatnam
vizianagaram,"PM-SHRI Jawahar Navodaya Vidyalaya Kiltampalem, Vizianagaram, Andhra Pradesh - 535145",RO-HYDERABAD,HYDERABAD,01,NEAR KILTAMPALEM - KILTAMPALEM - 535145,"पीएम-श्री जवाहर नवोदय विद्यालय किल्टामपलेम, विजयनगरम, आंध्र प्रदेश - 535145",13,1988,0,/nvs-school/ap/vizianagaram
ewg,"PM-SHRI Jawahar Navodaya Vidyalaya Pedavegi, Eluru (West Godavari), Andhra Pradesh - 534435",RO-HYDERABAD,HYDERABAD,01,"MRC Colony, Lakshmipuram Panchayat, - PEDAVEGI - 534435","पीएम-श्री जवाहर नवोदय विद्यालय पेडावेगी, एलुरु (पश्चिम गोदावरी), आंध्र प्रदेश - 534435",14,1988,0,/nvs-school/ap/ewg
asregi,"PM-SHRI Jawahar Navodaya Vidyalaya Yetapaka, Alluri Sitharama Raju (East Godavari-II), Andhra Pradesh - 533352",RO-HYDERABAD,HYDERABAD,01,Navodaya School - YETAPAKA - 533352,"पीएम-श्री जवाहर नवोदय विद्यालय येतापका, अल्लूरी सीताराम राजू (पूर्वी गोदावरी-II), आंध्र प्रदेश - 533352",15,2009,0,/nvs-school/ap/asreg2
ldv,"PM-SHRI Jawahar Navodaya Vidyalaya Maselo, Lower Dibang Valley, Ar. Pradesh - 792110",RO-PATNA,PATNA,02,Maselo - 792110,"पीएम-श्री जवाहर नवोदय विद्यालय मासेलो, लोअर दिबांग वैली, अर. प्रदेश - 792110",16,1987,0,/nvs-school/ar/ldv
nl,"PM-SHRI Jawahar Navodaya Vidyalaya Mahadevpur, Namsai (Lohit), Ar. Pradesh - 792105",RO-PATNA,PATNA,02,MAHADEVPUR - 792105,"पीएम-श्री जवाहर नवोदय विद्यालय महादेवपुर, नामसाई (लोहित), अर. प्रदेश - 792105",17,,0,/nvs-school/ar/nl
longding,"PM-SHRI Jawahar Navodaya Vidyalaya Khapcho, Longding, Ar. Pradesh - 792131",RO-PATNA,PATNA,02,Khapcho - 792131,"पीएम-श्री जवाहर नवोदय विद्यालय खापचो, लोंगडिंग, अर. प्रदेश - 792131",18,1987,0,/nvs-school/ar/longding
ek,"PM-SHRI Jawahar Navodaya Vidyalaya Seppa, East Kameng, Ar. Pradesh - 790102",RO-PATNA,PATNA,02,"NEAR ST. JOSEPH SCHOOL, NEW SEPPA - Seppa - 790102","पीएम-श्री जवाहर नवोदय विद्यालय सेप्पा, ईस्ट कामेंग, अर. प्रदेश - 790102",19,1988,0,/nvs-school/ar/ek
kus,"PM-SHRI Jawahar Navodaya Vidyalaya Megdong, Kamle (Upper Subansiri), Ar. Pradesh - 791122",RO-PATNA,PATNA,02,Megdong - 791122,"पीएम-श्री जवाहर नवोदय विद्यालय मेगडोंग, कामले (ऊपरी सुबनसिरी), अर. प्रदेश - 791122",20,1987,0,/nvs-school/ar/kus
tawang,"PM-SHRI Jawahar Navodaya Vidyalaya Gorpudung, Tawang, Ar. Pradesh - 790104",RO-PATNA,PATNA,02,NEAR TELI 305 ARMY HOSPITAL - Gorpudung - 790104,"पीएम-श्री जवाहर नवोदय विद्यालय गोरपुदुंग, तवांग, अर. प्रदेश - 790104",21,1994,0,/nvs-school/ar/tawang
ls,"PM-SHRI Jawahar Navodaya Vidyalaya Yachuli, Lower Subansiri, Ar. Pradesh - 791120",RO-PATNA,PATNA,02,Yachuli - 791120,"पीएम-श्री जवाहर नवोदय विद्यालय याचुली, लोअर सुबनसिरी, अर. प्रदेश - 791120",22,1996,0,/nvs-school/ar/ls
changlang,"PM-SHRI Jawahar Navodaya Vidyalaya Goju, Changlang, Ar. Pradesh - 792056",RO-PATNA,PATNA,02,Goju - 792056,"पीएम-श्री जवाहर नवोदय विद्यालय गोजू, चांगलांग, अर. प्रदेश - 792056",23,1998,0,/nvs-school/ar/changlang
ws,"PM-SHRI Jawahar Navodaya Vidyalaya Kombo, West Siang, Ar. Pradesh - 791001",RO-PATNA,PATNA,02,Kombo - 791001,"पीएम-श्री जवाहर नवोदय विद्यालय कोम्बो, पश्चिम सियांग, अर. प्रदेश - 791001",24,2004,0,/nvs-school/ar/ws
papumpare,"PM-SHRI Jawahar Navodaya Vidyalaya Gumto, Papumpare, Ar. Pradesh - 791112",RO-PATNA,PATNA,02,Gumto - 791112,"पीएम-श्री जवाहर नवोदय विद्यालय गुमटो, पापुमपारे, अर. प्रदेश - 791112",25,,0,/nvs-school/ar/papumpare
us,"Jawahar Navodaya Vidyalaya Geku, Upper Siang, Ar. Pradesh - 791002",RO-PATNA,PATNA,02,Geku - 791002,"जवाहर नवोदय विद्यालय गेकु, अपर सियांग, अर. प्रदेश - 791002",26,2005,0,/nvs-school/ar/us
es,"PM-SHRI Jawahar Navodaya Vidyalaya Mone Village, East Siang, Ar. Pradesh - 791102",RO-PATNA,PATNA,02,Mone village - 791102,"पीएम-श्री जवाहर नवोदय विद्यालय मोने गांव, पूर्वी सियांग, अर. प्रदेश - 791102",27,2005,0,/nvs-school/ar/es
wk,"PM-SHRI Jawahar Navodaya Vidyalaya Khellong, West Kameng, Ar. Pradesh - 790001",RO-PATNA,PATNA,02,Khellong - 790001,"पीएम-श्री जवाहर नवोदय विद्यालय खेलोंग, पश्चिम कामेंग, अर. प्रदेश - 790001",28,2005,0,/nvs-school/ar/wk
dv,"PM-SHRI Jawahar Navodaya Vidyalaya Angulin, Dibang Valley, Ar. Pradesh - 792101",RO-PATNA,PATNA,02,Angulin - 792101,"पीएम-श्री जवाहर नवोदय विद्यालय अंगुलिन, दिबांग घाटी, अर. प्रदेश - 792101",29,2006,0,/nvs-school/ar/dv
anjaw,"PM-SHRI Jawahar Navodaya Vidyalaya Hawai, Anjaw, Ar. Pradesh - 792106",RO-PATNA,PATNA,02,Hawai - 792106,"पीएम-श्री जवाहर नवोदय विद्यालय हवाई, अंजॉ, अर. प्रदेश - 792106",30,2006,0,/nvs-school/ar/anjaw
kk,"Jawahar Navodaya Vidyalaya Palin, K. Khumey, Ar. Pradesh - 791118",RO-PATNA,PATNA,02,Palin - 791118,"जवाहर नवोदय विद्यालय पालिन, के. खुमे, अर. प्रदेश - 791118",31,2006,0,/nvs-school/ar/kk
tirap,"Jawahar Navodaya Vidyalaya Kheti Village, Tirap, Ar. Pradesh - 792130",RO-PATNA,PATNA,02,Kheti Village - 792130,"जवाहर नवोदय विद्यालय खेती गांव, तिरप, अर. प्रदेश - 792130",32,2022,0,/nvs-school/ar/tirap
sy,"Jawahar Navodaya Vidyalaya Singbir, Shi Yomi, Ar. Pradesh - 791003",RO-PATNA,PATNA,02,Singbir - 791003,"जवाहर नवोदय विद्यालय सिंगबीर, शियोमी, अर. प्रदेश - 791003",1106,2025,0,/nvs-school/ar/sy
sk,"PM-SHRI Jawahar Navodaya Vidyalaya Harinagar, Sribhumi (Karimganj), Assam - 788734",RO-PATNA,PATNA,03,HARINAGAR - 788734,"पीएम-श्री जवाहर नवोदय विद्यालय हरिनगर, श्रीभूमि (करीमगंज), असम - 788734",33,1993,0,/nvs-school/as/sk
sn,"Jawahar Navodaya Vidyalaya Chitalmari, Sonitpur (New), Assam - 784110",RO-PATNA,PATNA,03,Chitalmari - 784110,"जवाहर नवोदय विद्यालय चितलमारी, सोनितपुर (नया), असम - 784110",34,2025,0,/nvs-school/as/sn
kamrup,"PM-SHRI Jawahar Navodaya Vidyalaya Hariandab, Kamrup, Assam - 781365",RO-PATNA,PATNA,03,HARIANDAB - 781365,"जवाहर नवोदय विद्यालय हरिणदाब, कामरूप (मेट्रो), असम - 781365",35,1994,0,/nvs-school/as/kamrup
nalbari,"PM-SHRI Jawahar Navodaya Vidyalaya Danguapara, Nalbari, Assam - 781340",RO-PATNA,PATNA,03,DANGUAPARA - 781340,"पीएम-श्री जवाहर नवोदय विद्यालय डंगुआपारा, नलबाड़ी, असम - 781340",36,1995,0,/nvs-school/as/nalbari
sibasagar,"PM-SHRI Jawahar Navodaya Vidyalaya Tomtomtola, Sibasagar, Assam - 785685",RO-PATNA,PATNA,03,Tomtomtola - 785685,"पीएम-श्री जवाहर नवोदय विद्यालय टोमटोमटोला, सिबसागर, असम - 785685",37,1994,0,/nvs-school/as/sibasagar
cachar,"PM-SHRI Jawahar Navodaya Vidyalaya Pailapool, Cachar, Assam - 788098",RO-PATNA,PATNA,03,PAILAPOOL - 788098,"पीएम-श्री जवाहर नवोदय विद्यालय पैलापूल, कछार, असम - 788098",38,1994,0,/nvs-school/as/cachar
chirang,"PM-SHRI Jawahar Navodaya Vidyalaya Khamarguri, Chirang, Assam - 783393",RO-PATNA,PATNA,03,Khamarguri - 783393,"पीएम-श्री जवाहर नवोदय विद्यालय खमरगुरी, चिरांग, असम - 783393",53,2001,0,/nvs-school/as/kokrajhar
barpeta,"PM-SHRI Jawahar Navodaya Vidyalaya Baregaon, Barpeta, Assam - 781317",RO-PATNA,PATNA,03,Baregaon - 781317,"पीएम-श्री जवाहर नवोदय विद्यालय बारेगांव, बारपेटा, असम - 781317",40,1995,0,/nvs-school/as/barpeta
darrang,"PM-SHRI Jawahar Navodaya Vidyalaya Udmari, Darrang, Assam - 784525",RO-PATNA,PATNA,03,UDMARI - 784525,"पीएम-श्री जवाहर नवोदय विद्यालय उदमारी, दरांग, असम - 784525",41,1995,0,/nvs-school/as/darrang
morigaon,"PM-SHRI Jawahar Navodaya Vidyalaya Doloichuba, Morigaon, Assam - 782105",RO-PATNA,PATNA,03,Doloichuba - 782105,"पीएम-श्री जवाहर नवोदय विद्यालय डोलोइचुबा, मोरीगांव, असम - 782105",42,1995,0,/nvs-school/as/morigaon
karbianglong1,"PM-SHRI Jawahar Navodaya Vidyalaya Sera Anglong ( Taralangso Road), Karbi Anglong-I, Assam - 782462",RO-PATNA,PATNA,03,Sera Anglong ( Taralangso Road) - 782462,"पीएम-श्री जवाहर नवोदय विद्यालय सेरा आंगलोंग (तारालांगसो रोड), कार्बी आंगलोंग-I, असम - 782462",43,2009,0,/nvs-school/as/ka1
golaghat,"PM-SHRI Jawahar Navodaya Vidyalaya Chinatolly, Golaghat, Assam - 785622",RO-PATNA,PATNA,03,Chinatolly - 785622,"पीएम-श्री जवाहर नवोदय विद्यालय चिनटोली, गोलाघाट, असम - 785622",44,1995,0,/nvs-school/as/golaghat
jorhat,"PM-SHRI Jawahar Navodaya Vidyalaya Bojalbori, Jorhat, Assam - 785630",RO-PATNA,PATNA,03,NEAR BORERA LP SCHOOL - Bojalbori - 785630,"पीएम-श्री जवाहर नवोदय विद्यालय बोजलबोरी, जोरहाट, असम - 785630",45,1995,0,/nvs-school/as/jorhat
dibrugarh,"PM-SHRI Jawahar Navodaya Vidyalaya Doomar Dallong, Dibrugarh, Assam - 786613",RO-PATNA,PATNA,03,Doomar Dallong - 786613,"पीएम-श्री जवाहर नवोदय विद्यालय डूमर डालोंग, डिब्रूगढ़, असम - 786613",46,1995,0,/nvs-school/as/dibrugarh
tinsukia,"PM-SHRI Jawahar Navodaya Vidyalaya Rangajan, Tinsukia, Assam - 786153",RO-PATNA,PATNA,03,RANGAJAN - 786153,"पीएम-श्री जवाहर नवोदय विद्यालय रंगजन, तिनसुकिया, असम - 786153",47,1995,0,/nvs-school/as/tinsukia
lakhimpur,"PM-SHRI Jawahar Navodaya Vidyalaya Choudhapunia, Lakhimpur, Assam - 784164",RO-PATNA,PATNA,03,CHOUDHAPUNIA - 784164,"पीएम-श्री जवाहर नवोदय विद्यालय चौधपुनिया, लखीमपुर, असम - 784164",48,1997,0,/nvs-school/as/lakhimpur
goalpara,"PM-SHRI Jawahar Navodaya Vidyalaya Thekasu Part-II, Goalpara, Assam - 783124",RO-PATNA,PATNA,03,THEKASU PART-II - 783124,"पीएम-श्री जवाहर नवोदय विद्यालय थेकासू पार्ट-II, गोलपारा, असम - 783124",49,1997,0,/nvs-school/as/goalpara
hailakandi,"PM-SHRI Jawahar Navodaya Vidyalaya Monacherra, Hailakandi, Assam - 788164",RO-PATNA,PATNA,03,MONACHERRA - 788164,"पीएम-श्री जवाहर नवोदय विद्यालय मोनाचेरा, हैलाकांडी, असम - 788164",50,1997,0,/nvs-school/as/hailakandi
bongaigaon,"PM-SHRI Jawahar Navodaya Vidyalaya Kashidoba, Bongaigaon, Assam - 783380",RO-PATNA,PATNA,03,KASHIDOBA - 783380,"पीएम-श्री जवाहर नवोदय विद्यालय काशीडोबा, बोंगाईगांव, असम - 783380",51,2006,0,/nvs-school/as/bongaigaon
dhemaji,"PM-SHRI Jawahar Navodaya Vidyalaya Bishnupur(Kalita Gaon), Dhemaji, Assam - 787057",RO-PATNA,PATNA,03,BISHNUPUR(KALITA GAON) - 787057,"पीएम-श्री जवाहर नवोदय विद्यालय बिष्णुपुर (कलिता गाँव), धेमाजी, असम - 787057",52,2001,0,/nvs-school/as/dhemaji
kokrajhar,"PM-SHRI Jawahar Navodaya Vidyalaya Ranchaidham, Kokrajhar, Assam - 783372",RO-PATNA,PATNA,03,"Near Geolang High School, Ranchaidham - Ranchaidham - 783372","पीएम-श्री जवाहर नवोदय विद्यालय रंचैधाम, कोकराझार, असम - 783372",39,1995,0,/nvs-school/as/chirang
nagaon,"PM-SHRI Jawahar Navodaya Vidyalaya Lahkarghat, Nagaon, Assam - 782123",RO-PATNA,PATNA,03,Lahkarghat - 782123,"पीएम-श्री जवाहर नवोदय विद्यालय लहकरघाट, नागांव, असम - 782123",54,2006,0,/nvs-school/as/nagaon
baksa,"PM-SHRI Jawahar Navodaya Vidyalaya Adalbari, Baksa, Assam - 781372",RO-PATNA,PATNA,03,ADALBARI - 781372,"पीएम-श्री जवाहर नवोदय विद्यालय अदलबाड़ी, बक्सा, असम - 781372",55,2006,0,/nvs-school/as/baksa
dh,"PM-SHRI Jawahar Navodaya Vidyalaya Hojai, Dima Hasao, Assam - 788819",RO-PATNA,PATNA,03,HOJAI - 788819,"पीएम-श्री जवाहर नवोदय विद्यालय होजाई, दीमा हसाओ, असम - 788819",56,2006,0,/nvs-school/as/dh
udalguri,"PM-SHRI Jawahar Navodaya Vidyalaya Sonaigaon, Udalguri, Assam - 784509",RO-PATNA,PATNA,03,Sonaigaon - 784509,"पीएम-श्री जवाहर नवोदय विद्यालय सोनाईगांव, उदलगुरी, असम - 784509",57,2006,0,/nvs-school/as/udalguri
dhubri,"PM-SHRI Jawahar Navodaya Vidyalaya Alomganj Part Ix, Dhubri, Assam - 783339",RO-PATNA,PATNA,03,ALOMGANJ Part IX - 783339,"पीएम-श्री जवाहर नवोदय विद्यालय अलोमगंज भाग IX, धुबरी, असम - 783339",58,2007,0,/nvs-school/as/dhubri
longjap,"PM-SHRI Jawahar Navodaya Vidyalaya Kutharbhangla, Longjap, Karbi Anglong-II, Assam - 782450",RO-PATNA,PATNA,03,"Kutharbhangla, longjap - 782450","पीएम-श्री जवाहर नवोदय विद्यालय कुथरभंगला, लोंगजाप, कार्बी आंगलोंग-II, असम - 782450",59,2009,0,/nvs-school/as/ka2
bso,"PM-SHRI Jawahar Navodaya Vidyalaya Kadamani, Biswanath (Sonitpur Old), Assam - 784176",RO-PATNA,PATNA,03,Kadamani - 784176,"पीएम-श्री जवाहर नवोदय विद्यालय कदमानी, बिस्वानथ (सोनितपुर ओल्ड), असम - 784176",60,1994,0,/nvs-school/as/bso
majuli,"Jawahar Navodaya Vidyalaya Barduwar, Majuli, Assam - 785104",RO-PATNA,PATNA,03,In New Model College Campus Majuli - Barduwar - 785104,"जवाहर नवोदय विद्यालय बरदुवार, माजुली, असम - 785104",1110,2025,0,/nvs-school/as/majuli
araria,"PM-SHRI Jawahar Navodaya Vidyalaya Rahikpur , Araria, Bihar - 854312",RO-BHOPAL,BHOPAL,04,500 mtr After Araria Jail on the same road - RAHIKPUR - 854312,"पीएम-श्री जवाहर नवोदय विद्यालय रहिकपुर, अररिया, बिहार - 854312",61,1995,0,/nvs-school/br/araria
aurangabad,"PM-SHRI Jawahar Navodaya Vidyalaya Barun, Aurangabad, Bihar - 824112",RO-BHOPAL,BHOPAL,04,"PO+PS+BLOCK- BARUN,  DIST- AURANGABAD  - BARUN - 824112","पीएम-श्री जवाहर नवोदय विद्यालय बारुण, औरंगाबाद, बिहार - 824112",62,1987,0,/nvs-school/br/aurangabad
banka,"PM-SHRI Jawahar Navodaya Vidyalaya Shaktinagar, Banka, Bihar - 813104",RO-BHOPAL,BHOPAL,04,NEAR CHANDAN DAM - SHAKTINAGAR - 813104,"पीएम-श्री जवाहर नवोदय विद्यालय शक्तिनगर, बांका, बिहार - 813104",63,1987,0,/nvs-school/br/banka
begusarai,"PM-SHRI Jawahar Navodaya Vidyalaya Na, Begusarai, Bihar - 851129",RO-BHOPAL,BHOPAL,04,PO- MIRZAPUR BANDWAR BISHNUPUR BEGUSARAI - NA - 851129,"पीएम-श्री जवाहर नवोदय विद्यालय ना, बेगूसराय, बिहार - 851129",64,1987,0,/nvs-school/br/begusarai
bhagalpur,"PM-SHRI Jawahar Navodaya Vidyalaya Nagarpara, Bhagalpur, Bihar - 853203",RO-BHOPAL,BHOPAL,04,BESIDES TEACHERS  TRAINING  COLLEGE NAGARPARA - NAGARPARA - 853203,"पीएम-श्री जवाहर नवोदय विद्यालय नगरपारा, भागलपुर, बिहार - 853203",65,1998,0,/nvs-school/br/bhagalpur
bhojpur,"PM-SHRI Jawahar Navodaya Vidyalaya Bihiya, Bhojpur, Bihar - 802152",RO-BHOPAL,BHOPAL,04,NEAR SURYA TEMPLE - BIHIYA - 802152,"पीएम-श्री जवाहर नवोदय विद्यालय बिहिया, भोजपुर, बिहार - 802152",66,1988,0,/nvs-school/br/bhojpur
buxar,"PM-SHRI Jawahar Navodaya Vidyalaya Nawanagar, Buxar, Bihar - 802129",RO-BHOPAL,BHOPAL,04,NEAR NAWANAGAR BLOCK - NAWANAGAR - 802129,"पीएम-श्री जवाहर नवोदय विद्यालय नवानगर, बक्सर, बिहार - 802129",67,1991,0,/nvs-school/br/buxar
kaimur,"PM-SHRI Jawahar Navodaya Vidyalaya Chaurasia, Kaimur, Bihar - 821110",RO-BHOPAL,BHOPAL,04,MAIN ROAD CHAURASIA - CHAURASIA - 821110,"पीएम-श्री जवाहर नवोदय विद्यालय चौरसिया, कैमूर, बिहार - 821110",68,1994,0,/nvs-school/br/kaimur
darbhanga,"PM-SHRI Jawahar Navodaya Vidyalaya Pacharhi, Darbhanga, Bihar - 847337",RO-BHOPAL,BHOPAL,04,"VILL-PACHARHI, PO- RAIYAM DIST- DARBHANGA - PACHARHI - 847337","पीएम-श्री जवाहर नवोदय विद्यालय पचराही, दरभंगा, बिहार - 847337",69,1987,0,/nvs-school/br/darbhanga
ec,"PM-SHRI Jawahar Navodaya Vidyalaya Piprakothi, East Champaran, Bihar - 845429",RO-BHOPAL,BHOPAL,04,NEAR Pandit Deendayal Upadhyay College of Horticulture & Fosterey - PIPRAKOTHI - 845429,"पीएम-श्री जवाहर नवोदय विद्यालय पीपराकोठी, पूर्वी चंपारण, बिहार - 845429",70,1996,0,/nvs-school/br/ec
gaya1,"PM-SHRI Jawahar Navodaya Vidyalaya Jethian, Gaya-I, Bihar - 823311",RO-BHOPAL,BHOPAL,04,JETHIAN OUT POST - JETHIAN - 823311,"पीएम-श्री जवाहर नवोदय विद्यालय जेठियन, गया-I, बिहार - 823311",71,1987,0,/nvs-school/br/gaya1
gopalganj,"PM-SHRI Jawahar Navodaya Vidyalaya Balesra, Gopalganj, Bihar - 841438",RO-BHOPAL,BHOPAL,04,NEAR BABA BHUTHNATH MATH - BALESRA - 841438,"पीएम-श्री जवाहर नवोदय विद्यालय बलेसरा, गोपालगंज, बिहार - 841438",72,1994,0,/nvs-school/br/gopalganj
jehanabad,"PM-SHRI Jawahar Navodaya Vidyalaya Makpa, Jehanabad, Bihar - 804422",RO-BHOPAL,BHOPAL,04,MAKPA ITI - MAKPA - 804422,"पीएम-श्री जवाहर नवोदय विद्यालय मकपा, जहानाबाद, बिहार - 804422",73,1997,0,/nvs-school/br/jehanabad
jamui,"PM-SHRI Jawahar Navodaya Vidyalaya Barhat, Jamui, Bihar - 811313",RO-BHOPAL,BHOPAL,04,NEAR BARHAT BLOCK - BARHAT - 811313,"पीएम-श्री जवाहर नवोदय विद्यालय बरहट, जमुई, बिहार - 811313",74,1997,0,/nvs-school/br/jamui
katihar,"PM-SHRI Jawahar Navodaya Vidyalaya Kolasi, Katihar, Bihar - 854106",RO-BHOPAL,BHOPAL,04,NEAR KATIHAR MEDICAL COLLEGE - KOLASI - 854106,"पीएम-श्री जवाहर नवोदय विद्यालय कोलासी, कटिहार, बिहार - 854106",75,1988,0,/nvs-school/br/katihar
khagaria,"Jawahar Navodaya Vidyalaya Sonvarshaghat, Khagaria, Bihar - 851201",RO-BHOPAL,BHOPAL,04,SONVARSHAGHAT - SONVARSHAGHAT - 851201,"जवाहर नवोदय विद्यालय सोनवर्षाघाट, खगड़िया, बिहार - 851201",76,1994,0,/nvs-school/br/khagaria
kishanganj,"PM-SHRI Jawahar Navodaya Vidyalaya Motihara, Kishanganj, Bihar - 855107",RO-BHOPAL,BHOPAL,04,"GOV. ABEDKAR RESIDEATIAL HIGH SCHOOL, MOTIHARA - MOTIHARA - 855107","पीएम-श्री जवाहर नवोदय विद्यालय मोतिहारा, किशनगंज, बिहार - 855107",77,1998,0,/nvs-school/br/kishanganj
madhepura,"PM-SHRI Jawahar Navodaya Vidyalaya Sukhasan, Madhepura, Bihar - 852128",RO-BHOPAL,BHOPAL,04,P.T.E. COLLEGE - SUKHASAN - 852128,"पीएम-श्री जवाहर नवोदय विद्यालय सुखासन, मधेपुरा, बिहार - 852128",78,1994,0,/nvs-school/br/madhepura
madhubani,"PM-SHRI Jawahar Navodaya Vidyalaya Mahinathpur, Madhubani, Bihar - 847236",RO-BHOPAL,BHOPAL,04,NEAR JAIL GATE - MAHINATHPUR - 847236,"पीएम-श्री जवाहर नवोदय विद्यालय महिनाथपुर, मधुबनी, बिहार - 847236",79,1986,0,/nvs-school/br/madhubani
munger,"PM-SHRI Jawahar Navodaya Vidyalaya Ramnkabad, Munger, Bihar - 811213",RO-BHOPAL,BHOPAL,04,NEAR POLYTECHNIC COLLEGE - RAMNKABAD - 811213,"पीएम-श्री जवाहर नवोदय विद्यालय रामनकाबाद, मुंगेर, बिहार - 811213",80,1997,0,/nvs-school/br/munger
muzaffarpur,"PM-SHRI Jawahar Navodaya Vidyalaya Kharaunadih, Muzaffarpur, Bihar - 843113",RO-BHOPAL,BHOPAL,04,KHARAUNADIH - KHARAUNADIH - 843113,"पीएम-श्री जवाहर नवोदय विद्यालय खरौनाडीह, मुजफ्फरपुर, बिहार - 843113",81,1987,0,/nvs-school/br/muzaffarpur
nalanda,"PM-SHRI Jawahar Navodaya Vidyalaya Rajgir, Nalanda, Bihar - 803116",RO-BHOPAL,BHOPAL,04,Infront of  Rajgir Ralway Station - RAJGIR - 803116,"पीएम-श्री जवाहर नवोदय विद्यालय राजगीर, नालंदा, बिहार - 803116",82,1987,0,/nvs-school/br/nalanda
nawada,"PM-SHRI Jawahar Navodaya Vidyalaya Rewar, Nawada, Bihar - 805132",RO-BHOPAL,BHOPAL,04,5 km away from Pakaribarwan Block - REWAR - 805132,"पीएम-श्री जवाहर नवोदय विद्यालय रेवाड़, नवादा, बिहार - 805132",83,1987,0,/nvs-school/br/nawada
purnea,"PM-SHRI Jawahar Navodaya Vidyalaya Garhbanaili, Purnea, Bihar - 854325",RO-BHOPAL,BHOPAL,04,NEAR NH-57 - Garhbanaili - 854325,"पीएम-श्री जवाहर नवोदय विद्यालय गढ़बनैली, पूर्णिया, बिहार - 854325",84,1987,0,/nvs-school/br/purnea
patna,"PM-SHRI Jawahar Navodaya Vidyalaya Datiyana, Patna, Bihar - 801104",RO-BHOPAL,BHOPAL,04,NEAR DIET - DATIYANA - 801104,"पीएम-श्री जवाहर नवोदय विद्यालय दतियाना, पटना, बिहार - 801104",85,1988,0,/nvs-school/br/patna
saharsa,"PM-SHRI Jawahar Navodaya Vidyalaya Bariyahi, Saharsa, Bihar - 852212",RO-BHOPAL,BHOPAL,04,BANGAON BYPASS - BARIYAHI - 852212,"पीएम-श्री जवाहर नवोदय विद्यालय बरियाही, सहरसा, बिहार - 852212",86,1995,0,/nvs-school/br/saharsa
samastipur,"PM-SHRI Jawahar Navodaya Vidyalaya Birauli, Samastipur, Bihar - 848113",RO-BHOPAL,BHOPAL,04,NEAR R.I.COLLEGE - BIRAULI - 848113,"पीएम-श्री जवाहर नवोदय विद्यालय बिरौली, समस्तीपुर, बिहार - 848113",87,1986,0,/nvs-school/br/samastipur
saran,"PM-SHRI Jawahar Navodaya Vidyalaya Deoti, Saran, Bihar - 841219",RO-BHOPAL,BHOPAL,04,JNV - DEOTI - 841219,"पीएम-श्री जवाहर नवोदय विद्यालय देवती, सारण, बिहार - 841219",88,1992,0,/nvs-school/br/saran
sitamarhi,"PM-SHRI Jawahar Navodaya Vidyalaya Khairvi, Sitamarhi, Bihar - 843302",RO-BHOPAL,BHOPAL,04,NEAR NH 22 - KHAIRVI - 843302,"पीएम-श्री जवाहर नवोदय विद्यालय खैरवी, सीतामढ़ी, बिहार - 843302",89,1994,0,/nvs-school/br/sitamarhi
siwan,"PM-SHRI Jawahar Navodaya Vidyalaya Karmalihata, Siwan, Bihar - 841226",RO-BHOPAL,BHOPAL,04,NEAR SIWAN (Gopalganj) BYPASS KARMALIHATA - KARMALIHATA - 841226,"पीएम-श्री जवाहर नवोदय विद्यालय करमलीहाता, सीवान, बिहार - 841226",90,1991,0,/nvs-school/br/siwan
sheikhpura,"PM-SHRI Jawahar Navodaya Vidyalaya Sheikhpura, Sheikhpura, Bihar - 811105",RO-BHOPAL,BHOPAL,04,VIP ROAD - SHEIKHPURA - 811105,"पीएम-श्री जवाहर नवोदय विद्यालय शेखपुरा, शेखपुरा, बिहार - 811105",91,1986,0,/nvs-school/br/sheikhpura
supaul,"PM-SHRI Jawahar Navodaya Vidyalaya Pathra, Supaul, Bihar - 852131",RO-BHOPAL,BHOPAL,04,NEAR AGRICULTRAL OFFICE PATHRA ROAD SUPAUL - PATHRA - 852131,"पीएम-श्री जवाहर नवोदय विद्यालय पथरा, सुपौल, बिहार - 852131",92,1987,0,/nvs-school/br/supaul
vaishali,"PM-SHRI Jawahar Navodaya Vidyalaya Wafapur Sharma, Vaishali, Bihar - 844123",RO-BHOPAL,BHOPAL,04,7 km away from Sarai Toll Plaza - WAFAPUR SHARMA - 844123,"पीएम-श्री जवाहर नवोदय विद्यालय वफ़ापुर शर्मा, वैशाली, बिहार - 844123",93,1989,0,/nvs-school/br/vaishali
wc,"PM-SHRI Jawahar Navodaya Vidyalaya Vrindavan, West Champaran, Bihar - 845450",RO-BHOPAL,BHOPAL,04,GANDHI ASHRAM - VRINDAVAN - 845450,"पीएम-श्री जवाहर नवोदय विद्यालय वृंदावन, पश्चिम चंपारण, बिहार - 845450",94,1986,0,/nvs-school/br/wc
sheohar,"PM-SHRI Jawahar Navodaya Vidyalaya Bisahi, Sheohar, Bihar - 843334",RO-BHOPAL,BHOPAL,04,NEAR BISAHI BAZAR - BISAHI - 843334,"पीएम-श्री जवाहर नवोदय विद्यालय बिसाही, शिवहर, बिहार - 843334",95,2003,0,/nvs-school/br/sheohar
lakhisarai,"PM-SHRI Jawahar Navodaya Vidyalaya Barahiya, Lakhisarai, Bihar - 811302",RO-BHOPAL,BHOPAL,04,NEAR BADI POKHAR - BARAHIYA - 811302,"पीएम-श्री जवाहर नवोदय विद्यालय बड़हिया, लखीसराय, बिहार - 811302",96,2006,0,/nvs-school/br/lakhisarai
rohtas,"PM-SHRI Jawahar Navodaya Vidyalaya Nawadih, Rohtas, Bihar - 821301",RO-BHOPAL,BHOPAL,04,TETRADH - NAWADIH - 821301,"पीएम-श्री जवाहर नवोदय विद्यालय नवाडीह, रोहतास, बिहार - 821301",97,2006,0,/nvs-school/br/rohtas
arwal,"PM-SHRI Jawahar Navodaya Vidyalaya Shivnagar, Arwal, Bihar - 804401",RO-BHOPAL,BHOPAL,04,NEAR ITI ARWAL (BOYS) - SHIVNAGAR - 804401,"पीएम-श्री जवाहर नवोदय विद्यालय शिवनगर, अरवल, बिहार - 804401",98,2007,0,/nvs-school/br/arwal
gaya2,"PM-SHRI Jawahar Navodaya Vidyalaya Bajaura, Gaya-II, Bihar - 824220",RO-BHOPAL,BHOPAL,04,BAJAURA NEAR FALGU RIVER - BAJAURA - 824220,"पीएम-श्री जवाहर नवोदय विद्यालय बजौरा, गया-II, बिहार - 824220",99,2010,0,/nvs-school/br/gaya2
sg,"PM-SHRI Jawahar Navodaya Vidyalaya Canacona, South Goa, Goa - 403702",RO-BHUBANESWAR,BHUBANESWAR,05,NEAR ITI COLLEGE MASTIMOL - CANACONA - 403702,"पीएम-श्री जवाहर नवोदय विद्यालय कैनाकोना, दक्षिण गोवा, गोवा - 403702",100,1986,0,/nvs-school/ga/sg
ng,"PM-SHRI Jawahar Navodaya Vidyalaya Valpoi, North Goa, Goa - 403506",RO-BHUBANESWAR,BHUBANESWAR,05,NEAR SHAHID STAMBH - VALPOI - 403506,"पीएम-श्री जवाहर नवोदय विद्यालय वालपोई, उत्तरी गोवा, गोवा - 403506",101,1988,0,/nvs-school/ga/ng
gs,"PM-SHRI Jawahar Navodaya Vidyalaya Kadvasan, Gir Somnath, Gujarat - 362720",RO-LUCKNOW,LUCKNOW,06,"OPP. AMBUJA CEMENT FACTORY, AMBUJANAGAR - KADVASAN - 362720","पीएम-श्री जवाहर नवोदय विद्यालय कड़वासन, गिर सोमनाथ, गुजरात - 362720",102,1989,0,/nvs-school/gj/gs
kheda,"PM-SHRI Jawahar Navodaya Vidyalaya Kathlal, Kheda, Gujarat - 387630",RO-LUCKNOW,LUCKNOW,06,NEAR KESHAV RESTAURANT INDORE AHEMDABAD HIGHWAY - KATHLAL - 387630,"पीएम-श्री जवाहर नवोदय विद्यालय कथलाल, खेड़ा, गुजरात - 387630",103,1986,0,/nvs-school/gj/kheda
bharuch,"PM-SHRI Jawahar Navodaya Vidyalaya Roopnagar, Bharuch, Gujarat - 393110",RO-LUCKNOW,LUCKNOW,06,Near Village Singla Panchayat - ROOPNAGAR - 393110,"पीएम-श्री जवाहर नवोदय विद्यालय रूपनगर, भरूच, गुजरात - 393110",104,1989,0,/nvs-school/gj/bharuch
tapi,"PM-SHRI Jawahar Navodaya Vidyalaya Borkhadi, Tapi, Gujarat - 394690",RO-LUCKNOW,LUCKNOW,06,"Vilage- Borkhadi, post. Bajipura, ta. Vvyara, Distt. Tapi (Gujarat) 394690 - BORKHADI - 394690","पीएम-श्री जवाहर नवोदय विद्यालय बोरखड़ी, तापी, गुजरात - 394690",105,1987,0,/nvs-school/gj/tapi
kutch,"PM-SHRI Jawahar Navodaya Vidyalaya Dumra, Kutch, Gujarat - 370490",RO-LUCKNOW,LUCKNOW,06,NEAR NH 8A NALIYA - DUMRA - 370490,"पीएम-श्री जवाहर नवोदय विद्यालय डुमरा, कच्छ, गुजरात - 370490",106,1986,0,/nvs-school/gj/kutch
jamnagar,"PM-SHRI Jawahar Navodaya Vidyalaya Aliabada, Jamnagar, Gujarat - 361110",RO-LUCKNOW,LUCKNOW,06,NEAR RAILWAY CROSSING - ALIABADA - 361110,"पीएम-श्री जवाहर नवोदय विद्यालय अलियाबाड़ा, जामनगर, गुजरात - 361110",107,1988,0,/nvs-school/gj/jamnagar
amreli,"PM-SHRI Jawahar Navodaya Vidyalaya Babapur, Amreli, Gujarat - 365610",RO-LUCKNOW,LUCKNOW,06,MOTA BHANDARIYA VIA BABAPUR ROAD - BABAPUR - 365610,"पीएम-श्री जवाहर नवोदय विद्यालय बाबापुर, अमरेली, गुजरात - 365610",108,2008,0,/nvs-school/gj/amreli
rajkot,"PM-SHRI Jawahar Navodaya Vidyalaya Paddhari, Rajkot, Gujarat - 360110",RO-LUCKNOW,LUCKNOW,06,rajkot jamnagar highway - paddhari - 360110,"पीएम-श्री जवाहर नवोदय विद्यालय पडधारी, राजकोट, गुजरात - 360110",109,1991,0,/nvs-school/gj/rajkot
surendranagar,"PM-SHRI Jawahar Navodaya Vidyalaya Dhrangadhra, Surendranagar, Gujarat - 363310",RO-LUCKNOW,LUCKNOW,06,ISHDRA ROAD HARIAPR - DHRANGADHRA - 363310,"पीएम-श्री जवाहर नवोदय विद्यालय ध्रांगधरा, सुरेंद्रनगर, गुजरात - 363310",110,1991,0,/nvs-school/gj/surendranagar
aravalli,"PM-SHRI Jawahar Navodaya Vidyalaya Dhansura, Aravalli, Gujarat - 383310",RO-LUCKNOW,LUCKNOW,06,SHAKTINAGAR - DHANSURA - 383310,"पीएम-श्री जवाहर नवोदय विद्यालय धनसुरा, अरावली, गुजरात - 383310",111,1993,0,/nvs-school/gj/aravalli
patan,"PM-SHRI Jawahar Navodaya Vidyalaya Lanva, Patan, Gujarat - 384229",RO-LUCKNOW,LUCKNOW,06,"Near Selavi Fatak, Lanva - Lanva - 384229","पीएम-श्री जवाहर नवोदय विद्यालय लांवा, पाटन, गुजरात - 384229",112,1993,0,/nvs-school/gj/patan
dahod1,"PM-SHRI Jawahar Navodaya Vidyalaya Kharedi, Dahod I, Gujarat - 389160",RO-LUCKNOW,LUCKNOW,06,"AT & POST- KHAREDI , TA & DIST - DAHOD - KHAREDI - 389160","पीएम-श्री जवाहर नवोदय विद्यालय खरेड़ी, दाहोद I, गुजरात - 389160",113,1995,0,/nvs-school/gj/dahod1
bhavnagar,"PM-SHRI Jawahar Navodaya Vidyalaya Trapaj, Bhavnagar, Gujarat - 364150",RO-LUCKNOW,LUCKNOW,06,TRAPAJ BUNGALOW - TRAPAJ - 364150,"पीएम-श्री जवाहर नवोदय विद्यालय ट्रैपज, भावनगर, गुजरात - 364150",114,2001,0,/nvs-school/gj/bhavnagar
vadodara,"PM-SHRI Jawahar Navodaya Vidyalaya Sadhi , Vadodara, Gujarat - 391445",RO-LUCKNOW,LUCKNOW,06,"Village -Sadhi, Ta.Padra, District-Vadodara, Sadad Road - Sadhi - 391445","पीएम-श्री जवाहर नवोदय विद्यालय साढ़ी, वडोदरा, गुजरात - 391445",115,1999,0,/nvs-school/gj/vadodara
gandhinagar,"PM-SHRI Jawahar Navodaya Vidyalaya Sametri, Gandhinagar, Gujarat - 382315",RO-LUCKNOW,LUCKNOW,06,At Sametri Tq Dehgam Distt Gandhinagar - Sametri - 382315,"पीएम-श्री जवाहर नवोदय विद्यालय समेट्री, गांधीनगर, गुजरात - 382315",116,2000,0,/nvs-school/gj/gandhinagar
banaskantha,"PM-SHRI Jawahar Navodaya Vidyalaya Dantiwada , Banaskantha, Gujarat - 385505",RO-LUCKNOW,LUCKNOW,06,DANTIWADA COLONY - DANTIWADA - 385505,"पीएम-श्री जवाहर नवोदय विद्यालय दंतीवाड़ा, बनासकांठा, गुजरात - 385505",117,2000,0,/nvs-school/gj/banaskantha
mehsana,"PM-SHRI Jawahar Navodaya Vidyalaya Vadnagar , Mehsana, Gujarat - 384355",RO-LUCKNOW,LUCKNOW,06,"Near polytechnic, Vadnagar - Vadnagar - 384355","पीएम-श्री जवाहर नवोदय विद्यालय वडनगर, मेहसाणा, गुजरात - 384355",118,2001,0,/nvs-school/gj/mehsana
panchmahal,"PM-SHRI Jawahar Navodaya Vidyalaya Vejalpur , Panchmahal, Gujarat - 389340",RO-LUCKNOW,LUCKNOW,06,opp Kendriya Bagayat - VEJALPUR - 389340,"पीएम-श्री जवाहर नवोदय विद्यालय वेजलपुर, पंचमहल, गुजरात - 389340",119,2005,0,/nvs-school/gj/panchmahal
porbandar,"PM-SHRI Jawahar Navodaya Vidyalaya Vanana, Porbandar, Gujarat - 360550",RO-LUCKNOW,LUCKNOW,06,"NH-27,Near Dharampur Patiya - Vanana - 360550","पीएम-श्री जवाहर नवोदय विद्यालय वनाणा, पोरबंदर, गुजरात - 360550",120,1987,0,/nvs-school/gj/porbandar
dang,"PM-SHRI Jawahar Navodaya Vidyalaya Saputara, Dang, Gujarat - 394720",RO-LUCKNOW,LUCKNOW,06,BEHIND RUTUMBHARA KANYA VIDYALAYA - SAPUTARA - 394720,"पीएम-श्री जवाहर नवोदय विद्यालय सापुतारा, डांग, गुजरात - 394720",121,2008,0,/nvs-school/gj/dang
navsari,"PM-SHRI Jawahar Navodaya Vidyalaya Rupvel, Navsari, Gujarat - 396560",RO-LUCKNOW,LUCKNOW,06,RUPVEL RAYAVADI TA: VANSDA DIST: NAVSARI - RUPVEL - 396560,"पीएम-श्री जवाहर नवोदय विद्यालय रूपवेल, नवसारी, गुजरात - 396560",122,2010,0,/nvs-school/gj/navsari
anand,"PM-SHRI Jawahar Navodaya Vidyalaya Bhadran, Anand, Gujarat - 388530",RO-LUCKNOW,LUCKNOW,06,"NEAR REWAPURI, VASANA - BHADRAN - 388530","पीएम-श्री जवाहर नवोदय विद्यालय भद्रन, आनंद, गुजरात - 388530",123,2010,0,/nvs-school/gj/anand
narmada,"Jawahar Navodaya Vidyalaya Tilakwada, Narmada, Gujarat - 391120",RO-LUCKNOW,LUCKNOW,06,NEAR COURT QUARTER - TILAKWADA - 391120,"जवाहर नवोदय विद्यालय तिलकवाड़ा, नर्मदा, गुजरात - 391120",124,2011,0,/nvs-school/gj/narmada
valsad,"PM-SHRI Jawahar Navodaya Vidyalaya Ambheti, Valsad, Gujarat - 396191",RO-LUCKNOW,LUCKNOW,06,"Behind Power Grid, Ambheti, Gujarat 396191 - AMBHETI - 396191","पीएम-श्री जवाहर नवोदय विद्यालय अंबहेती, वलसाड, गुजरात - 396191",125,2016,0,/nvs-school/gj/valsad
dahod2,"PM-SHRI Jawahar Navodaya Vidyalaya Palli, Dahod II, Gujarat - 389140",RO-LUCKNOW,LUCKNOW,06,"NEAR RAILWAY SUBWAY,PALLI - PALLI - 389140","पीएम-श्री जवाहर नवोदय विद्यालय पल्ली, दाहोद II, गुजरात - 389140",126,2016,0,/nvs-school/gj/dahod2
ahmedabad,"PM-SHRI Jawahar Navodaya Vidyalaya Hathijan, Ahmedabad, Gujarat - 382445",RO-LUCKNOW,LUCKNOW,06,NEAR LAL GEBI ASHRAM - HATHIJAN - 382445,"पीएम-श्री जवाहर नवोदय विद्यालय हाथीजन, अहमदाबाद, गुजरात - 382445",127,2007,0,/nvs-school/gj/ahmedabad
botad,"PM-SHRI Jawahar Navodaya Vidyalaya Botad , Botad, Gujarat - 364710",RO-LUCKNOW,LUCKNOW,06,Alav Road BOTAD - BOTAD - 364710,"पीएम-श्री जवाहर नवोदय विद्यालय बोटाद, बोटाद, गुजरात - 364710",128,2017,0,/nvs-school/gj/botad
junagadh,"PM-SHRI Jawahar Navodaya Vidyalaya Khadiya , Junagadh, Gujarat - 362263",RO-LUCKNOW,LUCKNOW,06,Near Khadiya - Khadiya - 362263,"पीएम-श्री जवाहर नवोदय विद्यालय खाड़िया, जूनागढ़, गुजरात - 362263",129,2017,0,/nvs-school/gj/junagadh
dd,"PM-SHRI Jawahar Navodaya Vidyalaya Dhaturiya, Devbhoomi Dwarka, Gujarat - 361306",RO-LUCKNOW,LUCKNOW,06,NEAR LALUKA PATIYA POST BHADTHAR - Dhaturiya - 361306,"पीएम-श्री जवाहर नवोदय विद्यालय धतुरिया, देवभूमि द्वारका, गुजरात - 361306",130,2017,0,/nvs-school/gj/dd
mahisagar,"PM-SHRI Jawahar Navodaya Vidyalaya Karanpur, Mahisagar, Gujarat - 388255",RO-LUCKNOW,LUCKNOW,06,"Karanpur,Balasinor - Karanpur - 388255","पीएम-श्री जवाहर नवोदय विद्यालय करणपुर, महिसागर, गुजरात - 388255",131,2017,0,/nvs-school/gj/mahisagar
sabarkantha,"PM-SHRI Jawahar Navodaya Vidyalaya Virpur, Sabarkantha, Gujarat - 383230",RO-LUCKNOW,LUCKNOW,06,"Near DGES School, Virpur - VIRPUR - 383230","पीएम-श्री जवाहर नवोदय विद्यालय वीरपुर, साबरकांठा, गुजरात - 383230",132,2018,0,/nvs-school/gj/sabarkantha
morbi,"PM-SHRI Jawahar Navodaya Vidyalaya Kothariya, Morbi, Gujarat - 363621",RO-LUCKNOW,LUCKNOW,06,NEAR JADESHWAR TEMPLE - KOTHARIYA - 363621,"पीएम-श्री जवाहर नवोदय विद्यालय कोठारिया, मोरबी, गुजरात - 363621",133,2017,0,/nvs-school/gj/morbi
surat,"PM-SHRI Jawahar Navodaya Vidyalaya Vankal, Surat, Gujarat - 394430",RO-LUCKNOW,LUCKNOW,06,"At Vankal Behind Govt.Girls Hostel, Taluka Mangrol Dist Surat (Guj) 394430 - VANKAL - 394430","पीएम-श्री जवाहर नवोदय विद्यालय वांकल, सूरत, गुजरात - 394430",134,2019,0,/nvs-school/gj/surat
chhotaudepur,"PM-SHRI Jawahar Navodaya Vidyalaya Bahadarpur, Chhotaudepur, Gujarat - 391125",RO-LUCKNOW,LUCKNOW,06,Bahadarpur - Bahadarpur - 391125,"पीएम-श्री जवाहर नवोदय विद्यालय बहादरपुर, छोटा उदयपुर, गुजरात - 391125",135,2019,0,/nvs-school/gj/chhotaudepur
jhajjar,"PM-SHRI Jawahar Navodaya Vidyalaya Kaloi, Jhajjar, Haryana - 124104",RO-MUMBAI,MUMBAI,07,GURUGRAM ROAD JHAJJAR - KALOI - 124104,"पीएम-श्री जवाहर नवोदय विद्यालय कलोई, झज्जर, हरियाणा - 124104",136,1985,0,/nvs-school/hr/jhajjar
hissar,"PM-SHRI Jawahar Navodaya Vidyalaya Pabra, Hissar, Haryana - 125112",RO-MUMBAI,MUMBAI,07,NEAR PUMP HOUSE - PABRA - 125112,"पीएम-श्री जवाहर नवोदय विद्यालय पाबरा, हिसार, हरियाणा - 125112",137,1986,0,/nvs-school/hr/hissar
jind,"PM-SHRI Jawahar Navodaya Vidyalaya Khunga Kothi, Jind, Haryana - 126110",RO-MUMBAI,MUMBAI,07,NEAR KHUNGA KOTHI - KHUNGA KOTHI - 126110,"पीएम-श्री जवाहर नवोदय विद्यालय खुंगा कोठी, जींद, हरियाणा - 126110",138,1986,0,/nvs-school/hr/jind
faridabad,"PM-SHRI Jawahar Navodaya Vidyalaya Mothuka, Faridabad, Haryana - 121101",RO-MUMBAI,MUMBAI,07,NEAR ATAL BIHARI HOSPITAL - MOTHUKA - 121101,"पीएम-श्री जवाहर नवोदय विद्यालय मोठूका, फरीदाबाद, हरियाणा - 121101",139,1987,0,/nvs-school/hr/faridabad
sonepat,"PM-SHRI Jawahar Navodaya Vidyalaya Butana, Sonepat, Haryana - 131302",RO-MUMBAI,MUMBAI,07,Opposite Janta College Janta Butana - BUTANA - 131302,"पीएम-श्री जवाहर नवोदय विद्यालय बुटाना, सोनीपत, हरियाणा - 131302",140,1987,0,/nvs-school/hr/sonepat
sirsa,"PM-SHRI Jawahar Navodaya Vidyalaya Odhan, Sirsa, Haryana - 125077",RO-MUMBAI,MUMBAI,07,NEAR MHD COLLEGE FOR EDUCATION - ODHAN - 125077,"पीएम-श्री जवाहर नवोदय विद्यालय ओढां, सिरसा, हरियाणा - 125077",141,1987,0,/nvs-school/hr/sirsa
kaithal,"PM-SHRI Jawahar Navodaya Vidyalaya Titram, Kaithal, Haryana - 136027",RO-MUMBAI,MUMBAI,07,KAITHAL - TITRAM - 136027,"पीएम-श्री जवाहर नवोदय विद्यालय तितरम, कैथल, हरियाणा - 136027",142,1987,0,/nvs-school/hr/kaithal
bhiwani,"PM-SHRI Jawahar Navodaya Vidyalaya Devrala , Bhiwani, Haryana - 127029",RO-MUMBAI,MUMBAI,07,DEVRALA - DEVRALA - 127029,"पीएम-श्री जवाहर नवोदय विद्यालय देवराला, भिवानी, हरियाणा - 127029",143,1988,0,/nvs-school/hr/bhiwani
mohindergarh,"PM-SHRI Jawahar Navodaya Vidyalaya Kareera, Mohindergarh, Haryana - 123027",RO-MUMBAI,MUMBAI,07,KAREERA - KAREERA - 123027,"पीएम-श्री जवाहर नवोदय विद्यालय करीरा, मोहिंदरगढ़, हरियाणा - 123027",144,1988,0,/nvs-school/hr/mohindergarh
rewari,"PM-SHRI Jawahar Navodaya Vidyalaya Naichana, Rewari, Haryana - 123501",RO-MUMBAI,MUMBAI,07,Near BSNL TOWER - NAICHANA - 123501,"पीएम-श्री जवाहर नवोदय विद्यालय नैचाना, रेवाड़ी, हरियाणा - 123501",145,1992,0,/nvs-school/hr/rewari
kurukshetra,"PM-SHRI Jawahar Navodaya Vidyalaya Niwarsi, Kurukshetra, Haryana - 136132",RO-MUMBAI,MUMBAI,07,Near Debkhera - Niwarsi - 136132,"पीएम-श्री जवाहर नवोदय विद्यालय निवारसी, कुरुक्षेत्र, हरियाणा - 136132",146,1993,0,/nvs-school/hr/kurukshetra
gurugram,"PM-SHRI Jawahar Navodaya Vidyalaya Mohammadpur, Gurugram, Haryana - 122506",RO-MUMBAI,MUMBAI,07,NEAR MARUTI PLATENIUM - MOHAMMADPUR - 122506,"पीएम-श्री जवाहर नवोदय विद्यालय मोहम्मदपुर, गुरुग्राम, हरियाणा - 122506",147,2007,0,/nvs-school/hr/gurugram
karnal,"PM-SHRI Jawahar Navodaya Vidyalaya Sagga, Karnal, Haryana - 132001",RO-MUMBAI,MUMBAI,07,NEAR PHC SAGGA - Sagga - 132001,"पीएम-श्री जवाहर नवोदय विद्यालय सग्गा, करनाल, हरियाणा - 132001",148,1995,0,/nvs-school/hr/karnal
panchkula,"PM-SHRI Jawahar Navodaya Vidyalaya Mouli, Panchkula, Haryana - 134118",RO-MUMBAI,MUMBAI,07,BACK SIDE SIGM INDUSTRIAL PARK - MOULI - 134118,"पीएम-श्री जवाहर नवोदय विद्यालय मौली, पंचकूला, हरियाणा - 134118",149,1995,0,/nvs-school/hr/panchkula
panipat,"PM-SHRI Jawahar Navodaya Vidyalaya Naultha, Panipat, Haryana - 132145",RO-MUMBAI,MUMBAI,07,Near - Power House - NAULTHA - 132145,"पीएम-श्री जवाहर नवोदय विद्यालय नौल्था, पानीपत, हरियाणा - 132145",150,1999,0,/nvs-school/hr/panipat
ambala,"PM-SHRI Jawahar Navodaya Vidyalaya Kaulan, Ambala, Haryana - 134005",RO-MUMBAI,MUMBAI,07,JALBERA ROAD - KAULAN - 134005,"पीएम-श्री जवाहर नवोदय विद्यालय कौलन, अंबाला, हरियाणा - 134005",151,2004,0,/nvs-school/hr/ambala
yamunanagar,"PM-SHRI Jawahar Navodaya Vidyalaya Chuharpur Kalan (Gulabgarh), Yamunanagar, Haryana - 135106",RO-MUMBAI,MUMBAI,07,NEAR PONTA SAHIB ROAD - CHUHARPUR KALAN (GULABGARH) - 135106,"पीएम-श्री जवाहर नवोदय विद्यालय चुहड़पुर कलां (गुलाबगढ़), यमुनानगर, हरियाणा - 135106",152,2006,0,/nvs-school/hr/yamunanagar
rohtak,"PM-SHRI Jawahar Navodaya Vidyalaya Ghuskani, Rohtak, Haryana - 124303",RO-MUMBAI,MUMBAI,07,GHUSKANI - 124303,"पीएम-श्री जवाहर नवोदय विद्यालय घुसकानी, रोहतक, हरियाणा - 124303",153,2005,0,/nvs-school/hr/rohtak
fatehabad,"PM-SHRI Jawahar Navodaya Vidyalaya Khara Kheri, Fatehabad, Haryana - 125048",RO-MUMBAI,MUMBAI,07,"NH 9, NEAR AGROHA DHAM - KHARA KHERI - 125048","पीएम-श्री जवाहर नवोदय विद्यालय खारा खेरी, फतेहाबाद, हरियाणा - 125048",154,2006,0,/nvs-school/hr/fatehabad
nuh,"PM-SHRI Jawahar Navodaya Vidyalaya Bai, Nuh, Haryana - 122107",RO-MUMBAI,MUMBAI,07,Meoli Road - Bai - 122107,"पीएम-श्री जवाहर नवोदय विद्यालय बाई, नूह, हरियाणा - 122107",155,1993,0,/nvs-school/hr/nuh
palwal,"PM-SHRI Jawahar Navodaya Vidyalaya Rasulpur, Palwal, Haryana - 121102",RO-MUMBAI,MUMBAI,07,Hosangabad - Rasulpur - 121102,"पीएम-श्री जवाहर नवोदय विद्यालय रसूलपुर, पलवल, हरियाणा - 121102",156,2017,0,/nvs-school/hr/palwal
chamba,"PM-SHRI Jawahar Navodaya Vidyalaya Sarol, Chamba, Himachal Pradesh - 176310",RO-JAIPUR,JAIPUR,08,GOHLTI RAIN SHELTER - Sarol - 176310,"पीएम-श्री जवाहर नवोदय विद्यालय सरोल, चंबा, हिमाचल प्रदेश - 176310",157,1986,0,/nvs-school/hp/chamba
mandi,"PM-SHRI Jawahar Navodaya Vidyalaya Seyogi, Mandi, Himachal Pradesh - 175124",RO-JAIPUR,JAIPUR,08,NEAR IOCL PETROL PUMP - SEYOGI - 175124,"पीएम-श्री जवाहर नवोदय विद्यालय सेयोगी, मंडी, हिमाचल प्रदेश - 175124",158,1986,0,/nvs-school/hp/mandi
shimla,"PM-SHRI Jawahar Navodaya Vidyalaya Deorighat , Shimla, Himachal Pradesh - 171201",RO-JAIPUR,JAIPUR,08,Near Nangal Devi Mandir - Deorighat - 171201,"पीएम-श्री जवाहर नवोदय विद्यालय देवरीघाट, शिमला, हिमाचल प्रदेश - 171201",159,1986,0,/nvs-school/hp/shimla
sirmour,"PM-SHRI Jawahar Navodaya Vidyalaya Judda Ka Johar, Sirmour, Himachal Pradesh - 173001",RO-JAIPUR,JAIPUR,08,MES PUMP JUDDA KA JOHAR - JUDDA KA JOHAR - 173001,"पीएम-श्री जवाहर नवोदय विद्यालय जुड्डा का जोहर, सिरमौर, हिमाचल प्रदेश - 173001",160,1986,0,/nvs-school/hp/sirmour
kangra,"PM-SHRI Jawahar Navodaya Vidyalaya Pantehar, Kangra, Himachal Pradesh - 176115",RO-JAIPUR,JAIPUR,08,NEAR IOCL PETROL  PUMP - PANTEHAR - 176115,"पीएम-श्री जवाहर नवोदय विद्यालय पनतेहड़, कांगड़ा, हिमाचल प्रदेश - 176115",161,1987,0,/nvs-school/hp/kangra
kinnaur,"PM-SHRI Jawahar Navodaya Vidyalaya Reckong Peo, Kinnaur, Himachal Pradesh - 172107",RO-JAIPUR,JAIPUR,08,OPPOSITE BSNL OFFICE RECKONG PEO - RECKONG PEO - 172107,"पीएम-श्री जवाहर नवोदय विद्यालय रिकांग पियो, किन्नौर, हिमाचल प्रदेश - 172107",162,1987,0,/nvs-school/hp/kinnaur
una,"PM-SHRI Jawahar Navodaya Vidyalaya Pekhubela, Una, Himachal Pradesh - 174303",RO-JAIPUR,JAIPUR,08,Near Indian Oil Dipot - PEKHUBELA - 174303,"पीएम-श्री जवाहर नवोदय विद्यालय पेखुबेला, ऊना, हिमाचल प्रदेश - 174303",163,1987,0,/nvs-school/hp/una
hamirpur,"PM-SHRI Jawahar Navodaya Vidyalaya Dungrin, Hamirpur, Himachal Pradesh - 176045",RO-JAIPUR,JAIPUR,08,NEAR SVN B.ED. COLLEGE - DUNGRIN - 176045,"पीएम-श्री जवाहर नवोदय विद्यालय डुंगरीन, हमीरपुर, हिमाचल प्रदेश - 176045",164,1987,0,/nvs-school/hp/hamirpur
bilaspur,"PM-SHRI Jawahar Navodaya Vidyalaya Kothipura, Bilaspur, Himachal Pradesh - 174001",RO-JAIPUR,JAIPUR,08,Near AIIMS - KOTHIPURA - 174001,"पीएम-श्री जवाहर नवोदय विद्यालय कोठीपुरा, बिलासपुर, हिमाचल प्रदेश - 174001",165,1992,0,/nvs-school/hp/bilaspur
solan,"PM-SHRI Jawahar Navodaya Vidyalaya Baniya Devi, Solan, Himachal Pradesh - 173207",RO-JAIPUR,JAIPUR,08,NEAR BANIYA DEVI MANDIR IN KUNIHAR - BANIYA DEVI - 173207,"पीएम-श्री जवाहर नवोदय विद्यालय बनिया देवी, सोलन, हिमाचल प्रदेश - 173207",166,1992,0,/nvs-school/hp/solan
l&s,"PM-SHRI Jawahar Navodaya Vidyalaya Lari, Lahaul & Spiti, Himachal Pradesh - 172113",RO-JAIPUR,JAIPUR,08,Near Tabo Monastery - Lari - 172113,"पीएम-श्री जवाहर नवोदय विद्यालय लारी, लाहौल और स्पीति, हिमाचल प्रदेश - 172113",167,2000,0,/nvs-school/hp/las
kullu,"PM-SHRI Jawahar Navodaya Vidyalaya Bandrol, Kullu, Himachal Pradesh - 175128",RO-JAIPUR,JAIPUR,08,NEAR ITBP CAMP - BANDROL - 175128,"पीएम-श्री जवाहर नवोदय विद्यालय बंदरोल, कुल्लू, हिमाचल प्रदेश - 175128",168,2007,0,/nvs-school/hp/kullu
baramulla,"PM-SHRI Jawahar Navodaya Vidyalaya Shahkote, Baramulla, UT Jammu & Kashmir - 193122",RO-JAIPUR,JAIPUR,09,L.J.H.P. Challa - SHAHKOTE - 193122,"पीएम-श्री जवाहर नवोदय विद्यालय शाहकोट, बारामूला, यूटी जम्मू और कश्मीर - 193122",169,1986,0,/nvs-school/jk/baramulla
doda,"PM-SHRI Jawahar Navodaya Vidyalaya Arnora, Doda, UT Jammu & Kashmir - 182202",RO-JAIPUR,JAIPUR,09,"NEAR ARNORA GHAT, DODA, J&K-U.T, 182202 - ARNORA - 182202","पीएम-श्री जवाहर नवोदय विद्यालय अर्नोरा, डोडा, यूटी जम्मू और कश्मीर - 182202",170,1986,0,/nvs-school/jk/doda
lolab,"PM-SHRI Jawahar Navodaya Vidyalaya Potushai, Lolab, Kupwara, Kupwara, UT Jammu & Kashmir - 193223",RO-JAIPUR,JAIPUR,09,"NEAR MAIN MARKET POTUSHAI, LOLAB KUPWARA - POTUSHAI, LOLAB, KUPWARA - 193223","पीएम-श्री जवाहर नवोदय विद्यालय पोतुशाई, लोलाब, कुपवाड़ा, कुपवाड़ा, यूटी जम्मू और कश्मीर - 193223",171,1986,0,/nvs-school/jk/kupwara
shopian,"PM-SHRI Jawahar Navodaya Vidyalaya Aglar, Shopian, UT Jammu & Kashmir - 192305",RO-JAIPUR,JAIPUR,09,Near Govt. High School Aglar - Aglar - 192305,"पीएम-श्री जवाहर नवोदय विद्यालय अगलर, शोपियां, यूटी जम्मू और कश्मीर - 192305",172,1986,0,/nvs-school/jk/shopian
rajouri,"PM-SHRI Jawahar Navodaya Vidyalaya Hubbi, Rajouri, UT Jammu & Kashmir - 185132",RO-JAIPUR,JAIPUR,09,Near Boys Hr Sec School Kandi - Hubbi - 185132,"पीएम-श्री जवाहर नवोदय विद्यालय हुब्बी, राजौरी, यूटी जम्मू और कश्मीर - 185132",173,1986,0,/nvs-school/jk/rajouri
udhampur,"PM-SHRI Jawahar Navodaya Vidyalaya Jaganoo, Udhampur, UT Jammu & Kashmir - 182124",RO-JAIPUR,JAIPUR,09,Opposite BSF Range Jaganoo - Jaganoo - 182124,"पीएम-श्री जवाहर नवोदय विद्यालय जगनू, उधमपुर, यूटी जम्मू और कश्मीर - 182124",174,1987,0,/nvs-school/jk/udhampur
anantnag,"PM-SHRI Jawahar Navodaya Vidyalaya Logripora, Anantnag, UT Jammu & Kashmir - 192129",RO-JAIPUR,JAIPUR,09,Near G.S.I Camps Logripora - LOGRIPORA - 192129,"पीएम-श्री जवाहर नवोदय विद्यालय लोगरीपोरा, अनंतनाग, यूटी जम्मू और कश्मीर - 192129",175,1987,0,/nvs-school/jk/anantnag
ganderbal,"PM-SHRI Jawahar Navodaya Vidyalaya Hatbara, Ganderbal, UT Jammu & Kashmir - 191131",RO-JAIPUR,JAIPUR,09,Near Jammu&Kashmir Government Polytechnic College - HATBARA - 191131,"पीएम-श्री जवाहर नवोदय विद्यालय हटबारा, गंदेरबल, यूटी जम्मू और कश्मीर - 191131",176,1988,0,/nvs-school/jk/ganderbal
budgam,"PM-SHRI Jawahar Navodaya Vidyalaya Khanpora, Budgam, UT Jammu & Kashmir - 191111",RO-JAIPUR,JAIPUR,09,NEAR  N I F T - KHANPORA - 191111,"पीएम-श्री जवाहर नवोदय विद्यालय खानपोरा, बडगाम, यूटी जम्मू और कश्मीर - 191111",177,1987,0,/nvs-school/jk/budgam
kathua,"PM-SHRI Jawahar Navodaya Vidyalaya Palahi, Kathua, UT Jammu & Kashmir - 184201",RO-JAIPUR,JAIPUR,09,NEAR MHSS BASOHLI - Palahi - 184201,"पीएम-श्री जवाहर नवोदय विद्यालय पलाही, कठुआ, यूटी जम्मू और कश्मीर - 184201",178,1989,0,/nvs-school/jk/kathua
poonch,"PM-SHRI Jawahar Navodaya Vidyalaya Surankote, Poonch, UT Jammu & Kashmir - 185121",RO-JAIPUR,JAIPUR,09,"NEAR JARAN WALI GALI, SURANKOTE, POONCH - SURANKOTE - 185121","पीएम-श्री जवाहर नवोदय विद्यालय सुरनकोट, पुंछ, यूटी जम्मू और कश्मीर - 185121",179,1987,0,/nvs-school/jk/poonch
jammu1,"PM-SHRI Jawahar Navodaya Vidyalaya Gharota, Jammu-I, UT Jammu & Kashmir - 181122",RO-JAIPUR,JAIPUR,09,"Near police station , Gharota ,J&K-U.T,181122 - Gharota - 181122","पीएम-श्री जवाहर नवोदय विद्यालय घरोटा, जम्मू-I, यूटी जम्मू और कश्मीर - 181122",180,2010,0,/nvs-school/jk/jammu1
samba,"PM-SHRI Jawahar Navodaya Vidyalaya Nud, Samba, UT Jammu & Kashmir - 184121",RO-JAIPUR,JAIPUR,09,Nud Main Market - Nud - 184121,"पीएम-श्री जवाहर नवोदय विद्यालय नुड, सांबा, यूटी जम्मू और कश्मीर - 184121",181,1987,0,/nvs-school/jk/samba
kulgam,"Jawahar Navodaya Vidyalaya Sheikh Mohalla Bongam Kulgam, Kulgam, UT Jammu & Kashmir - 192231",RO-JAIPUR,JAIPUR,09,Near Govt Polytechnic college Kulgam - Sheikh Mohalla Bongam Kulgam - 192231,"जवाहर नवोदय विद्यालय शेख मोहल्ला बोंगाम कुलगाम, कुलगाम, यूटी जम्मू और कश्मीर - 192231",182,2010,0,/nvs-school/jk/kulgam
reasi,"PM-SHRI Jawahar Navodaya Vidyalaya Kotli Manotrain, Reasi, UT Jammu & Kashmir - 182311",RO-JAIPUR,JAIPUR,09,Near Dhansar Baba - Kotli Manotrain - 182311,"पीएम-श्री जवाहर नवोदय विद्यालय कोटली मनोट्रेन, रियासी, यूटी जम्मू और कश्मीर - 182311",183,2010,0,/nvs-school/jk/reasi
jammu2,"PM-SHRI Jawahar Navodaya Vidyalaya Nardi Bala, Jammu-II, UT Jammu & Kashmir - 181201",RO-JAIPUR,JAIPUR,09,Near Higher secondary school Nardi Bala - Nardi Bala - 181201,"पीएम-श्री जवाहर नवोदय विद्यालय नारदी बाला, जम्मू-II, यूटी जम्मू और कश्मीर - 181201",184,2017,0,/nvs-school/jk/jammu2
ramban,"Jawahar Navodaya Vidyalaya Batote, Ramban, UT Jammu & Kashmir - 182143",RO-JAIPUR,JAIPUR,09,OPPOSITE FIRE  STATION BATOTE - BATOTE - 182143,"जवाहर नवोदय विद्यालय बटोटे, रामबन, यूटी जम्मू और कश्मीर - 182143",185,2019,0,/nvs-school/jk/ramban
kishtwar,"Jawahar Navodaya Vidyalaya Shalimar, Kishtwar, UT Jammu & Kashmir - 182204",RO-JAIPUR,JAIPUR,09,Near CISF Gate Shalimar - Shalimar - 182204,"जवाहर नवोदय विद्यालय शालीमार, किश्तवाड़, यूटी जम्मू और कश्मीर - 182204",186,2018,0,/nvs-school/jk/kishtwar
pulwama,"Jawahar Navodaya Vidyalaya Nownagri, Pulwama, UT Jammu & Kashmir - 192301",RO-JAIPUR,JAIPUR,09,Near Sumo Stand Chandgam Nownagri Pulwama - Nownagri - 192301,"जवाहर नवोदय विद्यालय नौनगरी, पुलवामा, यूटी जम्मू और कश्मीर - 192301",187,2020,0,/nvs-school/jk/pulwama
bandipora,"Jawahar Navodaya Vidyalaya Madar, Bandipora, UT Jammu & Kashmir - 193502",RO-JAIPUR,JAIPUR,09,"Near BSF Camp Madar, Bandipora - MADAR - 193502","जवाहर नवोदय विद्यालय मदार, बांदीपोरा, यूटी जम्मू और कश्मीर - 193502",188,2020,0,/nvs-school/jk/bandipora
br,"PM-SHRI Jawahar Navodaya Vidyalaya Bashettihalli, Bangalore Rural, Karnataka - 562163",RO-HYDERABAD,HYDERABAD,10,"OPPOSITE MANIPAL HOSPITAL , BASHETTIHALLI - BASHETTIHALLI - 562163","पीएम-श्री जवाहर नवोदय विद्यालय बशेट्टीहल्ली, बैंगलोर ग्रामीण, कर्नाटक - 562163",189,1986,0,/nvs-school/ka/br
chikmagalur,"PM-SHRI Jawahar Navodaya Vidyalaya Seegodu, Chikmagalur, Karnataka - 577112",RO-HYDERABAD,HYDERABAD,10,NEAR BALEHONNURU - SEEGODU - 577112,"पीएम-श्री जवाहर नवोदय विद्यालय सीगोडू, चिकमगलूर, कर्नाटक - 577112",190,1986,0,/nvs-school/ka/chikmagalur
chikkaballapura,"PM-SHRI Jawahar Navodaya Vidyalaya Yenigadale, Chikkaballapura, Karnataka - 563125",RO-HYDERABAD,HYDERABAD,10,NEAR YENIGADALE - YENIGADALE - 563125,"पीएम-श्री जवाहर नवोदय विद्यालय येनिगाडले, चिक्काबल्लापुरा, कर्नाटक - 563125",191,1986,0,/nvs-school/ka/chikkaballapura
mandya,"PM-SHRI Jawahar Navodaya Vidyalaya Shivaragudda, Mandya, Karnataka - 571419",RO-HYDERABAD,HYDERABAD,10,Vidyapeetha - Shivaragudda - 571419,"पीएम-श्री जवाहर नवोदय विद्यालय शिवरागुड्डा, मंड्या, कर्नाटक - 571419",192,1986,0,/nvs-school/ka/mandya
koppal,"PM-SHRI Jawahar Navodaya Vidyalaya Kuknoor, Koppal, Karnataka - 583232",RO-HYDERABAD,HYDERABAD,10,GUDNEPPANMATH - KUKNOOR - 583232,"पीएम-श्री जवाहर नवोदय विद्यालय कुकनूर, कोप्पल, कर्नाटक - 583232",193,1986,0,/nvs-school/ka/koppal
shimoga,"PM-SHRI Jawahar Navodaya Vidyalaya Gajanuru, Shimoga, Karnataka - 577202",RO-HYDERABAD,HYDERABAD,10,GAJANUR DAM - GAJANURU - 577202,"पीएम-श्री जवाहर नवोदय विद्यालय गजनुरु, शिमोगा, कर्नाटक - 577202",194,1986,0,/nvs-school/ka/shimoga
uk,"PM-SHRI Jawahar Navodaya Vidyalaya Malgi, Uttara Kannada, Karnataka - 581346",RO-HYDERABAD,HYDERABAD,10,PANCHAVATI - MALGI - 581346,"पीएम-श्री जवाहर नवोदय विद्यालय मालगी, उत्तर कन्नड़, कर्नाटक - 581346",195,1987,0,/nvs-school/ka/uk
hassan,"PM-SHRI Jawahar Navodaya Vidyalaya Mavinakere, Hassan, Karnataka - 573211",RO-HYDERABAD,HYDERABAD,10,MAVINAKERE - MAVINAKERE - 573211,"पीएम-श्री जवाहर नवोदय विद्यालय मविनाकेरे, हासन, कर्नाटक - 573211",196,1987,0,/nvs-school/ka/hassan
bidar,"PM-SHRI Jawahar Navodaya Vidyalaya Narayanpur, Bidar, Karnataka - 585327",RO-HYDERABAD,HYDERABAD,10,NEAR NARAYANPUR - NARAYANPUR - 585327,"पीएम-श्री जवाहर नवोदय विद्यालय नारायणपुर, बीदर, कर्नाटक - 585327",197,1986,0,/nvs-school/ka/bidar
kodagu,"PM-SHRI Jawahar Navodaya Vidyalaya Galibeedu, Kodagu, Karnataka - 571201",RO-HYDERABAD,HYDERABAD,10,3KM AWAY FROM CLUB MAHINDRA - GALIBEEDU - 571201,"पीएम-श्री जवाहर नवोदय विद्यालय गलीबेडू, कोडागु, कर्नाटक - 571201",198,1987,0,/nvs-school/ka/kodagu
yadgiri,"PM-SHRI Jawahar Navodaya Vidyalaya Hothpet, Yadgiri, Karnataka - 585287",RO-HYDERABAD,HYDERABAD,10,HOTHPET - HOTHPET - 585287,"पीएम-श्री जवाहर नवोदय विद्यालय होथपेट, यादगिरी, कर्नाटक - 585287",199,1987,0,/nvs-school/ka/yadgiri
dharwad,"PM-SHRI Jawahar Navodaya Vidyalaya Kyarakoppa, Dharwad, Karnataka - 580007",RO-HYDERABAD,HYDERABAD,10,NEAR BIG MISHRA FACTORY - KYARAKOPPA - 580007,"पीएम-श्री जवाहर नवोदय विद्यालय क्यारकोप्पा, धारवाड़, कर्नाटक - 580007",200,1987,0,/nvs-school/ka/dharwad
belagavi,"PM-SHRI Jawahar Navodaya Vidyalaya Kothali, Belagavi, Karnataka - 591287",RO-HYDERABAD,HYDERABAD,10,NEAR KOAHTLI KUPPANWADI CHIKODI - KOTHALI - 591287,"पीएम-श्री जवाहर नवोदय विद्यालय कोथली, बेलगावी, कर्नाटक - 591287",201,1986,0,/nvs-school/ka/belagavi
vb,"PM-SHRI Jawahar Navodaya Vidyalaya Almatti Dam Site , Vijayapura (Bijapur), Karnataka - 586201",RO-HYDERABAD,HYDERABAD,10,NEAR GOVT HOSPITAL - ALMATTI DAM SITE - 586201,"पीएम-श्री जवाहर नवोदय विद्यालय अलमट्टी डैम साइट, विजयपुरा (बीजापुर), कर्नाटक - 586201",202,1987,0,/nvs-school/ka/vb
bellary,"PM-SHRI Jawahar Navodaya Vidyalaya Chikkajogihalli, Bellary, Karnataka - 583126",RO-HYDERABAD,HYDERABAD,10,"SIDDAPURA ROAD, CHIKKAJOGIHALLI - CHIKKAJOGIHALLI - 583126","पीएम-श्री जवाहर नवोदय विद्यालय चिक्काजोगीहल्ली, बेल्लारी, कर्नाटक - 583126",203,1987,0,/nvs-school/ka/bellary
chitradurga,"PM-SHRI Jawahar Navodaya Vidyalaya Uduvalli, Chitradurga, Karnataka - 577598",RO-HYDERABAD,HYDERABAD,10,UDUVALLI - UDUVALLI - 577598,"पीएम-श्री जवाहर नवोदय विद्यालय उडुवल्ली, चित्रदुर्ग, कर्नाटक - 577598",204,1986,0,/nvs-school/ka/chitradurga
chamarajnagar,"PM-SHRI Jawahar Navodaya Vidyalaya Hondarabalu, Chamarajnagar, Karnataka - 571342",RO-HYDERABAD,HYDERABAD,10,NEAR K. GUDI FOREST CHECK POST - HONDARABALU - 571342,"पीएम-श्री जवाहर नवोदय विद्यालय होंडाराबालू, चामराजनगर, कर्नाटक - 571342",205,1988,0,/nvs-school/ka/chamarajnagar
tumkur,"PM-SHRI Jawahar Navodaya Vidyalaya Gollahalli, Tumkur, Karnataka - 572140",RO-HYDERABAD,HYDERABAD,10,GOLLAHALLI - GOLLAHALLI - 572140,"पीएम-श्री जवाहर नवोदय विद्यालय गोल्लाहल्ली, तुमकुर, कर्नाटक - 572140",206,1988,0,/nvs-school/ka/tumkur
udupi,"PM-SHRI Jawahar Navodaya Vidyalaya Chara, Udupi, Karnataka - 576112",RO-HYDERABAD,HYDERABAD,10,CHARA - CHARA - 576112,"पीएम-श्री जवाहर नवोदय विद्यालय चारा, उडुपी, कर्नाटक - 576112",207,1994,0,/nvs-school/ka/udupi
bu,"PM-SHRI Jawahar Navodaya Vidyalaya Bagalur, Bangalore Urban, Karnataka - 562149",RO-HYDERABAD,HYDERABAD,10,"NEAR BAGALUR POLICE STATION, BAGALUR - BAGALUR - 562149","पीएम-श्री जवाहर नवोदय विद्यालय बगलूर, बैंगलोर शहरी, कर्नाटक - 562149",208,1995,0,/nvs-school/ka/bu
gadag,"PM-SHRI Jawahar Navodaya Vidyalaya Koralhalli, Gadag, Karnataka - 582118",RO-HYDERABAD,HYDERABAD,10,NEAR BENNIHALLI - KORALHALLI - 582118,"पीएम-श्री जवाहर नवोदय विद्यालय कोरलहल्ली, गडग, कर्नाटक - 582118",209,1999,0,/nvs-school/ka/gadag
raichur,"PM-SHRI Jawahar Navodaya Vidyalaya Kannapurhatti, Raichur, Karnataka - 584125",RO-HYDERABAD,HYDERABAD,10,BAGALKOT ROAD - KANNAPURHATTI - 584125,"पीएम-श्री जवाहर नवोदय विद्यालय कन्नपुरहट्टी, रायचूर, कर्नाटक - 584125",210,1999,0,/nvs-school/ka/raichur
haveri,"PM-SHRI Jawahar Navodaya Vidyalaya Maharajpet, Haveri, Karnataka - 581104",RO-HYDERABAD,HYDERABAD,10,HUBLI HANGAL ROAD - MAHARAJPET - 581104,"पीएम-श्री जवाहर नवोदय विद्यालय महाराजपेट, हावेरी, कर्नाटक - 581104",211,1999,0,/nvs-school/ka/haveri
davangere,"PM-SHRI Jawahar Navodaya Vidyalaya Devarahalli, Davangere, Karnataka - 577213",RO-HYDERABAD,HYDERABAD,10,NEAR CHANNAGIRI - DEVARAHALLI - 577213,"पीएम-श्री जवाहर नवोदय विद्यालय देवराहल्ली, दावणगेरे, कर्नाटक - 577213",212,2001,0,/nvs-school/ka/davangere
dk,"PM-SHRI Jawahar Navodaya Vidyalaya Mudipu, Dakshina Kannada, Karnataka - 574153",RO-HYDERABAD,HYDERABAD,10,"St Joseph vaz church, Mudipu - Mudipu - 574153","पीएम-श्री जवाहर नवोदय विद्यालय मुदिपु, दक्षिण कन्नड़, कर्नाटक - 574153",213,2001,0,/nvs-school/ka/dk
bagalkot,"PM-SHRI Jawahar Navodaya Vidyalaya Chirlakoppa, Bagalkot, Karnataka - 587155",RO-HYDERABAD,HYDERABAD,10,KULAGERI CROSS - TAPASKATTI ROAD - CHIRLAKOPPA - 587155,"पीएम-श्री जवाहर नवोदय विद्यालय चिरलाकोप्पा, बागलकोट, कर्नाटक - 587155",214,2001,0,/nvs-school/ka/bagalkot
mysuru,"PM-SHRI Jawahar Navodaya Vidyalaya Dmg Halli, Mysuru, Karnataka - 570026",RO-HYDERABAD,HYDERABAD,10,BALAJI NAVODAYA - DMG HALLI - 570026,"पीएम-श्री जवाहर नवोदय विद्यालय डीएमजी हल्ली, मैसूरु, कर्नाटक - 570026",215,2003,0,/nvs-school/ka/mysuru
kalaburagi2,"PM-SHRI Jawahar Navodaya Vidyalaya Korwar, Kalaburagi-II, Karnataka - 585312",RO-HYDERABAD,HYDERABAD,10,NEAR ANNAVEERBHADRESHWAR TEMPLE - KORWAR - 585312,"पीएम-श्री जवाहर नवोदय विद्यालय कोरवार, कलबुर्गी-II, कर्नाटक - 585312",216,2009,0,/nvs-school/ka/kalaburagi2
bsr,"Jawahar Navodaya Vidyalaya Shivanahalli, Bengaluru South (Ramnagara), Karnataka - 562117",RO-HYDERABAD,HYDERABAD,10,NEAR BATTALU GUNDAPPA TEMPLE - SHIVANAHALLI - 562117,"जवाहर नवोदय विद्यालय शिवनहल्ली, बेंगलुरु दक्षिण (रामनगर), कर्नाटक - 562117",217,2017,0,/nvs-school/ka/bsr
kolar,"PM-SHRI Jawahar Navodaya Vidyalaya Gangapura Gate, Kolar, Karnataka - 563104",RO-HYDERABAD,HYDERABAD,10,NEAR VOKKALERI - GANGAPURA GATE - 563104,"पीएम-श्री जवाहर नवोदय विद्यालय गंगापुरा गेट, कोलार, कर्नाटक - 563104",218,2017,0,/nvs-school/ka/kolar
kalaburagi1,"PM-SHRI Jawahar Navodaya Vidyalaya Tadtegnoor, Kalaburagi-I, Karnataka - 585308",RO-HYDERABAD,HYDERABAD,10,NEAR FARHATABAD - TADTEGNOOR - 585308,"पीएम-श्री जवाहर नवोदय विद्यालय ताड़तेग्नूर, कलबुर्गी-I, कर्नाटक - 585308",219,2017,0,/nvs-school/ka/kalaburagi1
ernakulam,"PM-SHRI Jawahar Navodaya Vidyalaya Neriamangalam, Ernakulam, Kerala - 686693",RO-HYDERABAD,HYDERABAD,11,OPPOSITE TO NERIAMANGALAM BUS STAMD - NERIAMANGALAM - 686693,"पीएम-श्री जवाहर नवोदय विद्यालय नेरियमंगलम, एर्नाकुलम, केरल - 686693",220,1986,0,/nvs-school/kl/ernakulam
idukki,"PM-SHRI Jawahar Navodaya Vidyalaya Idukki, Idukki, Kerala - 685601",RO-HYDERABAD,HYDERABAD,11,Kulamavu Dam - Idukki - 685601,"पीएम-श्री जवाहर नवोदय विद्यालय इडुक्की, इडुक्की, केरल - 685601",221,1986,0,/nvs-school/kl/idukki
kasaragod,"PM-SHRI Jawahar Navodaya Vidyalaya Pullur Periye, Kasaragod, Kerala - 671320",RO-HYDERABAD,HYDERABAD,11,PERIYE BAZAR - PULLUR PERIYE - 671320,"पीएम-श्री जवाहर नवोदय विद्यालय पुल्लुर पेरिया, कासरगोड, केरल - 671320",222,1986,0,/nvs-school/kl/kasaragod
pathanamthitta,"PM-SHRI Jawahar Navodaya Vidyalaya Kollamula, Pathanamthitta, Kerala - 686511",RO-HYDERABAD,HYDERABAD,11,GOVT.HSS VECHOOCHIRA - KOLLAMULA - 686511,"पीएम-श्री जवाहर नवोदय विद्यालय कोल्लमुला, पठानमथिट्टा, केरल - 686511",223,1986,0,/nvs-school/kl/pathanamthitta
kannur,"PM-SHRI Jawahar Navodaya Vidyalaya 11.560657, Kannur, Kerala - 670692",RO-HYDERABAD,HYDERABAD,11,SANTHIGIRI ASHRAM - 11.560657 - 670692,"पीएम-श्री जवाहर नवोदय विद्यालय 11.560657, कन्नूर, केरल - 670692",224,1987,0,/nvs-school/kl/kannur
kottayam,"PM-SHRI Jawahar Navodaya Vidyalaya Vijayapuram , Kottayam, Kerala - 686010",RO-HYDERABAD,HYDERABAD,11,RUBBER BOARD ROAD - VIJAYAPURAM - 686010,"पीएम-श्री जवाहर नवोदय विद्यालय विजयपुरम, कोट्टायम, केरल - 686010",225,1987,0,/nvs-school/kl/kottayam
kozhikode,"PM-SHRI Jawahar Navodaya Vidyalaya Palayad Nada, Kozhikode, Kerala - 673521",RO-HYDERABAD,HYDERABAD,11,MANIYUR GRAMA PANCHAYATH - PALAYAD NADA - 673521,"पीएम-श्री जवाहर नवोदय विद्यालय पलायड नाडा, कोझीकोड, केरल - 673521",226,1987,0,/nvs-school/kl/kozhikode
thrissur,"PM-SHRI Jawahar Navodaya Vidyalaya Mayannur, Thrissur, Kerala - 679105",RO-HYDERABAD,HYDERABAD,11,NEAR VLP SCHOOL MAYANNUR - MAYANNUR - 679105,"पीएम-श्री जवाहर नवोदय विद्यालय मयन्नूर, त्रिशूर, केरल - 679105",227,1988,0,/nvs-school/kl/thrissur
palakkad,"PM-SHRI Jawahar Navodaya Vidyalaya Malampuzha, Palakkad, Kerala - 678651",RO-HYDERABAD,HYDERABAD,11,MALAMPUZHA DAM - MALAMPUZHA - 678651,"पीएम-श्री जवाहर नवोदय विद्यालय मालमपुझा, पलक्कड़, केरल - 678651",228,1988,0,/nvs-school/kl/palakkad
malappuram,"PM-SHRI Jawahar Navodaya Vidyalaya Urakam, Malappuram, Kerala - 676519",RO-HYDERABAD,HYDERABAD,11,VENKULAM - URAKAM - 676519,"पीएम-श्री जवाहर नवोदय विद्यालय उराकम, मलप्पुरम, केरल - 676519",229,1988,0,/nvs-school/kl/malappuram
alleppey,"PM-SHRI Jawahar Navodaya Vidyalaya Chennithala, Alleppey, Kerala - 690105",RO-HYDERABAD,HYDERABAD,11,NEAR COOPERATIVE BANK PUTHUVILAPADY - CHENNITHALA - 690105,"पीएम-श्री जवाहर नवोदय विद्यालय चेन्नीथला, अल्लेप्पी, केरल - 690105",230,1992,0,/nvs-school/kl/alleppey
kollam,"PM-SHRI Jawahar Navodaya Vidyalaya Kottarakkara, Kollam, Kerala - 691531",RO-HYDERABAD,HYDERABAD,11,EXTENTION TRAINING CENTRE - KOTTARAKKARA - 691531,"पीएम-श्री जवाहर नवोदय विद्यालय कोट्टाराक्कारा, कोल्लम, केरल - 691531",231,1994,0,/nvs-school/kl/kollam
thiruvananthapuram,"PM-SHRI Jawahar Navodaya Vidyalaya Thenoor, Thiruvananthapuram, Kerala - 695551",RO-HYDERABAD,HYDERABAD,11,JERSY FARM - THENOOR - 695551,"पीएम-श्री जवाहर नवोदय विद्यालय थेनूर, तिरुवनंतपुरम, केरल - 695551",232,2001,0,/nvs-school/kl/thiruvananthapuram
wayanad,"PM-SHRI Jawahar Navodaya Vidyalaya Kunnathidavaka, Wayanad, Kerala - 670645",RO-HYDERABAD,HYDERABAD,11,NEAR VETERINARY UNIVERSITY POOKODE - KUNNATHIDAVAKA - 670645,"पीएम-श्री जवाहर नवोदय विद्यालय कुन्नथिदावका, वायनाड, केरल - 670645",233,2005,0,/nvs-school/kl/wayanad
bhind,"PM-SHRI Jawahar Navodaya Vidyalaya Birkhadi, Bhind, Madhya Pradesh - 477335",RO-CHANDIGARH,CHANDIGARH,12,BIRKHADI RAUN ROAD BHIND - BIRKHADI - 477335,"पीएम-श्री जवाहर नवोदय विद्यालय बिरखड़ी, भिंड, मध्य प्रदेश - 477335",234,1987,0,/nvs-school/mp/bhind
betul,"PM-SHRI Jawahar Navodaya Vidyalaya Prabhat Pattan, Betul, Madhya Pradesh - 460665",RO-CHANDIGARH,CHANDIGARH,12,Prabhat Pattan - PRABHAT PATTAN - 460665,"पीएम-श्री जवाहर नवोदय विद्यालय प्रभात पट्टन, बैतूल, मध्य प्रदेश - 460665",235,1993,0,/nvs-school/mp/betul
balaghat,"PM-SHRI Jawahar Navodaya Vidyalaya Murjhad, Balaghat, Madhya Pradesh - 481331",RO-CHANDIGARH,CHANDIGARH,12,KATNGI ROAD - MURJHAD - 481331,"पीएम-श्री जवाहर नवोदय विद्यालय मुरझड़, बालाघाट, मध्य प्रदेश - 481331",236,1994,0,/nvs-school/mp/balaghat
bhopal,"PM-SHRI Jawahar Navodaya Vidyalaya Ratibad, Bhopal, Madhya Pradesh- 462044",RO-CHANDIGARH,CHANDIGARH,12,PATEL COLLEGE ROAD - RATIBAD - 462044,"पीएम-श्री जवाहर नवोदय विद्यालय रातीबड़, भोपाल, मध्य प्रदेश- 462044",237,1993,0,/nvs-school/mp/bhopal
chhatarpur,"PM-SHRI Jawahar Navodaya Vidyalaya Nowgong , Chhatarpur, Madhya Pradesh - 471201",RO-CHANDIGARH,CHANDIGARH,12,NEAR GOVT. ENGINEERING COLLEGE NOWGONG CHHHATARPUR - NOWGONG - 471201,"पीएम-श्री जवाहर नवोदय विद्यालय नौगोंग, छतरपुर, मध्य प्रदेश - 471201",238,1987,0,/nvs-school/mp/chhatarpur
chhindwara,"PM-SHRI Jawahar Navodaya Vidyalaya Singodi, Chhindwara, Madhya Pradesh - 480223",RO-CHANDIGARH,CHANDIGARH,12,SINGODI - SINGODI - 480223,"पीएम-श्री जवाहर नवोदय विद्यालय सिंगोडी, छिंदवाड़ा, मध्य प्रदेश - 480223",239,1993,0,/nvs-school/mp/chhindwara
damoh,"PM-SHRI Jawahar Navodaya Vidyalaya Hatta, Damoh, Madhya Pradesh - 470775",RO-CHANDIGARH,CHANDIGARH,12,IN FRONT OF RAI PETROL PUMP - HATTA - 470775,"पीएम-श्री जवाहर नवोदय विद्यालय हट्टा, दमोह, मध्य प्रदेश - 470775",240,1987,0,/nvs-school/mp/damoh
cd,"PM-SHRI Jawahar Navodaya Vidyalaya Hasyakhedi 2, Chandrashekhar Dam, Dewas, Madhya Pradesh - 455440",RO-CHANDIGARH,CHANDIGARH,12,"NEAR FOREST WOOD DEPOT - HASYAKHEDI 2, CHANDRASHEKHAR DAM - 455440","पीएम-श्री जवाहर नवोदय विद्यालय हास्यखेड़ी 2, चंद्रशेखर डैम, देवास, मध्य प्रदेश - 455440",241,1987,0,/nvs-school/mp/dewas
datia,"PM-SHRI Jawahar Navodaya Vidyalaya Beekar, Datia, Madhya Pradesh - 475661",RO-CHANDIGARH,CHANDIGARH,12,DATIA-BHANDER ROAD VILLAGE BEEKAR DISTT. DATIA (M.P.) 475661 - BEEKAR - 475661,"पीएम-श्री जवाहर नवोदय विद्यालय बीकर, दतिया, मध्य प्रदेश - 475661",242,1988,0,/nvs-school/mp/datia
dhar,"PM-SHRI Jawahar Navodaya Vidyalaya Multhan, Dhar, Madhya Pradesh - 454660",RO-CHANDIGARH,CHANDIGARH,12,"NEAR GOVT. HIGHER SECONDARY SCHOOL, VILLAGE MULTHAN - MULTHAN - 454660","पीएम-श्री जवाहर नवोदय विद्यालय मुल्थान, धार, मध्य प्रदेश - 454660",243,1987,0,/nvs-school/mp/dhar
ashoknagar,"PM-SHRI Jawahar Navodaya Vidyalaya Khiriya Devat , Ashoknagar, Madhya Pradesh - 473335",RO-CHANDIGARH,CHANDIGARH,12,VILL. KHIRIYA DEVAT - KHIRIYA DEVAT - 473335,"पीएम-श्री जवाहर नवोदय विद्यालय खिरिया देवत, अशोकनगर, मध्य प्रदेश - 473335",244,1988,0,/nvs-school/mp/ashoknagar
nh,"PM-SHRI Jawahar Navodaya Vidyalaya Pawarkheda, Narmadapuram (Hoshangabad), Madhya Pradesh - 461110",RO-CHANDIGARH,CHANDIGARH,12,NEAR MATA SHABRI KANYA SHIKSHA PARISAR PAWARKHEDA - PAWARKHEDA - 461110,"पीएम-श्री जवाहर नवोदय विद्यालय पवारखेड़ा, नर्मदापुरम (होशंगाबाद), मध्य प्रदेश - 461110",245,1986,0,/nvs-school/mp/nh
gwalior,"PM-SHRI Jawahar Navodaya Vidyalaya Pichhore, Gwalior, Madhya Pradesh - 475115",RO-CHANDIGARH,CHANDIGARH,12,INDERGARH ROAD - PICHHORE - 475115,"पीएम-श्री जवाहर नवोदय विद्यालय पिछोर, ग्वालियर, मध्य प्रदेश - 475115",246,1994,0,/nvs-school/mp/gwalior
indore,"PM-SHRI Jawahar Navodaya Vidyalaya Manpur, Indore, Madhya Pradesh - 453661",RO-CHANDIGARH,CHANDIGARH,12,MAA ASHAPURNA TEMPLE ROAD - MANPUR - 453661,"पीएम-श्री जवाहर नवोदय विद्यालय मानपुर, इंदौर, मध्य प्रदेश - 453661",247,1987,0,/nvs-school/mp/indore
jabalpur,"PM-SHRI Jawahar Navodaya Vidyalaya Barginagar , Jabalpur, Madhya Pradesh - 482056",RO-CHANDIGARH,CHANDIGARH,12,NEAR BARGIDAM - BARGINAGAR - 482056,"पीएम-श्री जवाहर नवोदय विद्यालय बरगीनगर, जबलपुर, मध्य प्रदेश - 482056",248,1986,0,/nvs-school/mp/jabalpur
alirajpur,"PM-SHRI Jawahar Navodaya Vidyalaya Alirajpur, Alirajpur, Madhya Pradesh - 457887",RO-CHANDIGARH,CHANDIGARH,12,"Near P.G. College on Dahod Road, Ramsingh ki Chouki, , Alirajpur - ALIRAJPUR - 457887","पीएम-श्री जवाहर नवोदय विद्यालय अलीराजपुर, अलीराजपुर, मध्य प्रदेश - 457887",249,1986,0,/nvs-school/mp/alirajpur
katni,"PM-SHRI Jawahar Navodaya Vidyalaya Badwara, Katni, Madhya Pradesh - 483773",RO-CHANDIGARH,CHANDIGARH,12,BADWARA - BADWARA - 483773,"पीएम-श्री जवाहर नवोदय विद्यालय बड़वारा, कटनी, मध्य प्रदेश - 483773",250,2001,0,/nvs-school/mp/katni
khargone,"PM-SHRI Jawahar Navodaya Vidyalaya Junapani, Khargone, Madhya Pradesh - 451111",RO-CHANDIGARH,CHANDIGARH,12,"NEAR TOL TAX, PUNASA ROAD JUNAPANI - JUNAPANI - 451111","पीएम-श्री जवाहर नवोदय विद्यालय जूनापानी, खरगोन, मध्य प्रदेश - 451111",251,1988,0,/nvs-school/mp/khargone
morena,"PM-SHRI Jawahar Navodaya Vidyalaya Manpur, Morena, Madhya Pradesh - 476221",RO-CHANDIGARH,CHANDIGARH,12,"PAGARA ROAD, JOURA - MANPUR - 476221","पीएम-श्री जवाहर नवोदय विद्यालय मानपुर, मुरैना, मध्य प्रदेश - 476221",252,1988,0,/nvs-school/mp/morena
mandsaur,"PM-SHRI Jawahar Navodaya Vidyalaya Laduna, Mandsaur, Madhya Pradesh - 458389",RO-CHANDIGARH,CHANDIGARH,12,SITAMAU LADUNA ROAD - LADUNA - 458389,"पीएम-श्री जवाहर नवोदय विद्यालय लदुना, मंदसौर, मध्य प्रदेश - 458389",253,2002,0,/nvs-school/mp/mandsaur
mandla,"PM-SHRI Jawahar Navodaya Vidyalaya Padmi, Mandla, Madhya Pradesh - 481661",RO-CHANDIGARH,CHANDIGARH,12,NEAR DR. B.R. AMBERKAR PLAYGROUND PADMI MANDLA - PADMI - 481661,"पीएम-श्री जवाहर नवोदय विद्यालय पद्मी, मंडला, मध्य प्रदेश - 481661",254,1993,0,/nvs-school/mp/mandla
narsinghpur,"PM-SHRI Jawahar Navodaya Vidyalaya Bohani, Narsinghpur, Madhya Pradesh - 487555",RO-CHANDIGARH,CHANDIGARH,12,KARELI ROAD BOHANI - BOHANI - 487555,"पीएम-श्री जवाहर नवोदय विद्यालय बोहानी, नरसिंहपुर, मध्य प्रदेश - 487555",255,1986,0,/nvs-school/mp/narsinghpur
panna,"PM-SHRI Jawahar Navodaya Vidyalaya Ramkhirya , Panna, Madhya Pradesh - 488001",RO-CHANDIGARH,CHANDIGARH,12,NEAR BRIJPUR PAHADIKHERA ROAD - RAMKHIRYA - 488001,"पीएम-श्री जवाहर नवोदय विद्यालय रामखिरिया, पन्ना, मध्य प्रदेश - 488001",256,1986,0,/nvs-school/mp/panna
rajgarh,"PM-SHRI Jawahar Navodaya Vidyalaya Kachnariya, Rajgarh, Madhya Pradesh - 465683",RO-CHANDIGARH,CHANDIGARH,12,IN FRON OF ELECTRIC POWER HOUSE - KACHNARIYA - 465683,"पीएम-श्री जवाहर नवोदय विद्यालय कचनारिया, राजगढ़, मध्य प्रदेश - 465683",257,1988,0,/nvs-school/mp/rajgarh
ratlam1,"PM-SHRI Jawahar Navodaya Vidyalaya Kalukheda , Ratlam-I, Madhya Pradesh - 457340",RO-CHANDIGARH,CHANDIGARH,12,NEAR KRISHI VIGYAN KENDRA - KALUKHEDA - 457340,"पीएम-श्री जवाहर नवोदय विद्यालय कालूखेड़ा, रतलाम-I, मध्य प्रदेश - 457340",258,1991,0,/nvs-school/mp/ratlam1
raisen,"PM-SHRI Jawahar Navodaya Vidyalaya Naradkheda, Raisen, Madhya Pradesh - 464665",RO-CHANDIGARH,CHANDIGARH,12,BADI - NARADKHEDA - 464665,"पीएम-श्री जवाहर नवोदय विद्यालय नारदखेड़ा, रायसेन, मध्य प्रदेश - 464665",259,1992,0,/nvs-school/mp/raisen
rewa,"PM-SHRI Jawahar Navodaya Vidyalaya Sirmour, Rewa, Madhya Pradesh - 486448",RO-CHANDIGARH,CHANDIGARH,12,WARD NO 11 CHACAHI ROAD NEAR FOREST OFFICE - SIRMOUR - 486448,"पीएम-श्री जवाहर नवोदय विद्यालय सिरमौर, रीवा, मध्य प्रदेश - 486448",260,1993,0,/nvs-school/mp/rewa
sagar,"PM-SHRI Jawahar Navodaya Vidyalaya Khurai, Sagar, Madhya Pradesh - 470117",RO-CHANDIGARH,CHANDIGARH,12,PATHARI ROAD KHURAI - KHURAI - 470117,"पीएम-श्री जवाहर नवोदय विद्यालय खुरई, सागर, मध्य प्रदेश - 470117",261,1987,0,/nvs-school/mp/sagar
seoni,"PM-SHRI Jawahar Navodaya Vidyalaya Kanhiwada, Seoni, Madhya Pradesh - 480990",RO-CHANDIGARH,CHANDIGARH,12,BARGHAT ROAD - KANHIWADA - 480990,"पीएम-श्री जवाहर नवोदय विद्यालय कान्हीवाड़ा, सिवनी, मध्य प्रदेश - 480990",262,1987,0,/nvs-school/mp/seoni
shahdol,"PM-SHRI Jawahar Navodaya Vidyalaya Mau, Shahdol, Madhya Pradesh - 484774",RO-CHANDIGARH,CHANDIGARH,12,REWA ROAD - MAU - 484774,"पीएम-श्री जवाहर नवोदय विद्यालय मऊ, शहडोल, मध्य प्रदेश - 484774",263,2005,0,/nvs-school/mp/shahdol
shivpuri,PM-SHRI Jawahar Navodaya Vidyalaya Panghata (Narwar) Shivpuri Madhya Pradesh-473865,RO-CHANDIGARH,CHANDIGARH,12,NARWAR - JAIDA - 473865,पीएम-श्री जवाहर नवोदय विद्यालय पनघटा (नरवर) शिवपुरी मध्य प्रदेश-473865,264,1987,0,/nvs-school/mp/shivpuri
sidhi,"PM-SHRI Jawahar Navodaya Vidyalaya Churhat, Sidhi, Madhya Pradesh - 486771",RO-CHANDIGARH,CHANDIGARH,12,BARHAI ROAD - CHURHAT - 486771,"पीएम-श्री जवाहर नवोदय विद्यालय चुरहट, सीधी, मध्य प्रदेश - 486771",265,1987,0,/nvs-school/mp/sidhi
sehore,"PM-SHRI Jawahar Navodaya Vidyalaya Shyampur, Sehore, Madhya Pradesh - 466651",RO-CHANDIGARH,CHANDIGARH,12,"BHOPAL ROAD, SHYAMPUR - SHYAMPUR - 466651","पीएम-श्री जवाहर नवोदय विद्यालय श्यामपुर, सीहोर, मध्य प्रदेश - 466651",266,1988,0,/nvs-school/mp/sehore
satna,"PM-SHRI Jawahar Navodaya Vidyalaya Rahikwara, Satna, Madhya Pradesh - 485446",RO-CHANDIGARH,CHANDIGARH,12,NILL - RAHIKWARA - 485446,"पीएम-श्री जवाहर नवोदय विद्यालय रहिकवारा, सतना, मध्य प्रदेश - 485446",267,1992,0,/nvs-school/mp/satna
shajapur,"PM-SHRI Jawahar Navodaya Vidyalaya Arniyakala, Shajapur, Madhya Pradesh - 465333",RO-CHANDIGARH,CHANDIGARH,12,POCHANER ROAD ARNIYAKALA - ARNIYAKALA - 465333,"पीएम-श्री जवाहर नवोदय विद्यालय अरनियाकला, शाजापुर, मध्य प्रदेश - 465333",268,1995,0,/nvs-school/mp/shajapur
sheopur,"PM-SHRI Jawahar Navodaya Vidyalaya Jaida, Sheopur, Madhya Pradesh - 476337",RO-CHANDIGARH,CHANDIGARH,12,"JAIDA MANDI, JAIDA - JAIDA - 476337","पीएम-श्री जवाहर नवोदय विद्यालय जैदा, श्योपुर, मध्य प्रदेश - 476337",269,2000,0,/nvs-school/mp/sheopur
khandwa,"PM-SHRI Jawahar Navodaya Vidyalaya Pandhana, Khandwa, Madhya Pradesh - 450661",RO-CHANDIGARH,CHANDIGARH,12,PANDHANA - PANDHANA - 450661,"पीएम-श्री जवाहर नवोदय विद्यालय पंधाना, खंडवा, मध्य प्रदेश - 450661",270,1992,0,/nvs-school/mp/khandwa
tikamgarh,"PM-SHRI Jawahar Navodaya Vidyalaya Kundeshwar , Tikamgarh, Madhya Pradesh - 472005",RO-CHANDIGARH,CHANDIGARH,12,MEHRONI ROAD - KUNDESHWAR - 472005,"पीएम-श्री जवाहर नवोदय विद्यालय कुंडेश्वर, टीकमगढ़, मध्य प्रदेश - 472005",271,1986,0,/nvs-school/mp/tikamgarh
ujjain1,"PM-SHRI Jawahar Navodaya Vidyalaya Ghattiya, Ujjain - I, Madhya Pradesh - 456550",RO-CHANDIGARH,CHANDIGARH,12,UJJAIN ROAD - GHATTIYA - 456550,"पीएम-श्री जवाहर नवोदय विद्यालय घट्टिया, उज्जैन - I, मध्य प्रदेश - 456550",272,1996,0,/nvs-school/mp/ujjain1
vidisha,"PM-SHRI Jawahar Navodaya Vidyalaya Shamshabad, Vidisha, Madhya Pradesh - 464111",RO-CHANDIGARH,CHANDIGARH,12,MAHANEEM CHOWRAHA - SHAMSHABAD - 464111,"पीएम-श्री जवाहर नवोदय विद्यालय शमशाबाद, विदिशा, मध्य प्रदेश - 464111",273,1993,0,/nvs-school/mp/vidisha
harda,"PM-SHRI Jawahar Navodaya Vidyalaya Charuwa, Harda, Madhya Pradesh - 461444",RO-CHANDIGARH,CHANDIGARH,12,GUPTESHWAR TEMPLE ROAD - CHARUWA - 461444,"पीएम-श्री जवाहर नवोदय विद्यालय चारुवा, हरदा, मध्य प्रदेश - 461444",274,2002,0,/nvs-school/mp/harda
neemuch,"PM-SHRI Jawahar Navodaya Vidyalaya Rampura , Neemuch, Madhya Pradesh - 458118",RO-CHANDIGARH,CHANDIGARH,12,"NEAR FISH CENTER RAMPURA , NEEMUCH - RAMPURA - 458118","पीएम-श्री जवाहर नवोदय विद्यालय रामपुरा, नीमच, मध्य प्रदेश - 458118",275,1985,0,/nvs-school/mp/neemuch
dindori,"PM-SHRI Jawahar Navodaya Vidyalaya Dhamangaon, Dindori, Madhya Pradesh - 481879",RO-CHANDIGARH,CHANDIGARH,12,NEAR GYANESHWARI B.ED COLLEGE - DHAMANGAON - 481879,"पीएम-श्री जवाहर नवोदय विद्यालय धामनगांव, डिंडोरी, मध्य प्रदेश - 481879",276,2003,0,/nvs-school/mp/dindori
barwani,"PM-SHRI Jawahar Navodaya Vidyalaya Ozhar, Barwani, Madhya Pradesh - 451449",RO-CHANDIGARH,CHANDIGARH,12,OZHAR - OZHAR - 451449,"पीएम-श्री जवाहर नवोदय विद्यालय ओझर, बड़वानी, मध्य प्रदेश - 451449",277,2004,0,/nvs-school/mp/barwani
guna,"PM-SHRI Jawahar Navodaya Vidyalaya Bajranggarh, Guna, Madhya Pradesh - 473249",RO-CHANDIGARH,CHANDIGARH,12,"H7XW+J3F,SOJNA - BAJRANGGARH - 473249","पीएम-श्री जवाहर नवोदय विद्यालय बजरंगगढ़, गुना, मध्य प्रदेश - 473249",278,2004,0,/nvs-school/mp/guna
anuppur,"PM-SHRI Jawahar Navodaya Vidyalaya Amarkantak, Anuppur, Madhya Pradesh - 484886",RO-CHANDIGARH,CHANDIGARH,12,AMARKANTAK - AMARKANTAK - 484886,"पीएम-श्री जवाहर नवोदय विद्यालय अमरकंटक, अनूपपुर, मध्य प्रदेश - 484886",279,1987,0,/nvs-school/mp/anuppur
burhanpur,"PM-SHRI Jawahar Navodaya Vidyalaya Loni, Burhanpur, Madhya Pradesh - 450331",RO-CHANDIGARH,CHANDIGARH,12,NEAR DIET COLLEGE - LONI - 450331,"पीएम-श्री जवाहर नवोदय विद्यालय लोनी, बुरहानपुर, मध्य प्रदेश - 450331",280,2006,0,/nvs-school/mp/burhanpur
umaria,"PM-SHRI Jawahar Navodaya Vidyalaya Pali-Dubbar, Umaria, Madhya Pradesh - 484660",RO-CHANDIGARH,CHANDIGARH,12,500 Metre away from NH-43 at Dubbar Bus Stoppage - PALI-DUBBAR - 484660,"पीएम-श्री जवाहर नवोदय विद्यालय पाली-दुब्बर, उमरिया, मध्य प्रदेश - 484660",281,2006,0,/nvs-school/mp/umaria
ujjain2,"PM-SHRI Jawahar Navodaya Vidyalaya Buranabad, Ujjain - II, Madhya Pradesh - 456224",RO-CHANDIGARH,CHANDIGARH,12,BURANABAD ROAD - BURANABAD - 456224,"पीएम-श्री जवाहर नवोदय विद्यालय बुरानाबाद, उज्जैन - II, मध्य प्रदेश - 456224",282,2009,0,/nvs-school/mp/ujjain2
jhabua2,"PM-SHRI Jawahar Navodaya Vidyalaya Machhlaimata, Jhabua - II, Madhya Pradesh - 457777",RO-CHANDIGARH,CHANDIGARH,12,Petlawad Road - Machhlaimata - 457777,"पीएम-श्री जवाहर नवोदय विद्यालय मछलईमाता, झाबुआ - II, मध्य प्रदेश - 457777",283,2009,0,/nvs-school/mp/jhabua2
am,"PM-SHRI Jawahar Navodaya Vidyalaya Aakali, Agar Malwa, Madhya Pradesh - 464447",RO-CHANDIGARH,CHANDIGARH,12,KOTA UJJAIN ROAD AAKALI - AAKALI - 464447,"पीएम-श्री जवाहर नवोदय विद्यालय आकली, आगर मालवा, मध्य प्रदेश - 464447",284,2017,0,/nvs-school/mp/am
jhabua1,"PM-SHRI Jawahar Navodaya Vidyalaya Dungralalu, Jhabua - I, Madhya Pradesh - 457661",RO-CHANDIGARH,CHANDIGARH,12,"NH 47, DUNGRALALU - DUNGRALALU - 457661","पीएम-श्री जवाहर नवोदय विद्यालय डुंगरालालू, झाबुआ - I, मध्य प्रदेश - 457661",285,2017,0,/nvs-school/mp/jhabua1
singrauli,"Jawahar Navodaya Vidyalaya Pachaur , Singrauli, Madhya Pradesh - 486887",RO-CHANDIGARH,CHANDIGARH,12,ITI CAMPUS - PACHAUR - 486887,"जवाहर नवोदय विद्यालय पचौर, सिंगरौली, मध्य प्रदेश - 486887",286,2019,0,/nvs-school/mp/singrauli
ratlam2,"PM-SHRI Jawahar Navodaya Vidyalaya Khamriya, Ratlam-II, Madhya Pradesh - 457114",RO-CHANDIGARH,CHANDIGARH,12,ALOTE NAGDA ROAD - KHAMRIYA - 457114,"पीएम-श्री जवाहर नवोदय विद्यालय खमरिया, रतलाम-II, मध्य प्रदेश - 457114",287,2018,0,/nvs-school/mp/ratlam2
amravati,"PM-SHRI Jawahar Navodaya Vidyalaya Navsari, Amravati, Maharashtra - 444604",RO-BHUBANESWAR,BHUBANESWAR,13,V.M.V. ROAD NAVSARI AMRAVATI - NAVSARI - 444604,"पीएम-श्री जवाहर नवोदय विद्यालय नवसारी, अमरावती, महाराष्ट्र - 444604",288,1985,0,/nvs-school/mh/amravati
buldana,"PM-SHRI Jawahar Navodaya Vidyalaya Chincholi, Buldana, Maharashtra - 444203",RO-BHUBANESWAR,BHUBANESWAR,13,"CHINCHOLI KARFARMA, SHEGAON - CHINCHOLI - 444203","पीएम-श्री जवाहर नवोदय विद्यालय चिंचोली, बुलढाणा, महाराष्ट्र - 444203",289,1986,0,/nvs-school/mh/buldana
gadchiroli,"PM-SHRI Jawahar Navodaya Vidyalaya Ghot, Gadchiroli, Maharashtra - 442604",RO-BHUBANESWAR,BHUBANESWAR,13,"NEAR POLICE STATION, GHOT - GHOT - 442604","पीएम-श्री जवाहर नवोदय विद्यालय घोट, गढ़चिरौली, महाराष्ट्र - 442604",290,1986,0,/nvs-school/mh/gadchiroli
latur,"PM-SHRI Jawahar Navodaya Vidyalaya Chincholirao Wadi, Latur, Maharashtra - 413531",RO-BHUBANESWAR,BHUBANESWAR,13,"NEAR VILAS SAHKARI SAKHAR KARKHANA, 12 NO. PATI - CHINCHOLIRAO WADI - 413531","पीएम-श्री जवाहर नवोदय विद्यालय चिंचोलीराव वाडी, लातूर, महाराष्ट्र - 413531",291,1986,0,/nvs-school/mh/latur
nagpur,"PM-SHRI Jawahar Navodaya Vidyalaya Navegaon Khairi, Nagpur, Maharashtra - 441105",RO-BHUBANESWAR,BHUBANESWAR,13,NEAR PENCH DAMP - NAVEGAON KHAIRI - 441105,"पीएम-श्री जवाहर नवोदय विद्यालय नवेगांव खैरी, नागपुर, महाराष्ट्र - 441105",292,1986,0,/nvs-school/mh/nagpur
nanded,"PM-SHRI Jawahar Navodaya Vidyalaya Shankarnagar, Nanded, Maharashtra - 431736",RO-BHUBANESWAR,BHUBANESWAR,13,NEAR GOVERNMENT HOISPITAL RAMTIRTH - SHANKARNAGAR - 431736,"पीएम-श्री जवाहर नवोदय विद्यालय शंकरनगर, नांदेड़, महाराष्ट्र - 431736",293,1987,0,/nvs-school/mh/nanded
do,"PM-SHRI Jawahar Navodaya Vidyalaya Tuljapur, Dharashiv (Osmanabad), Maharashtra - 413601",RO-BHUBANESWAR,BHUBANESWAR,13,"NALDURG ROAD, TULJAPUR - TULJAPUR - 413601","पीएम-श्री जवाहर नवोदय विद्यालय तुलजापुर, धाराशिव (उस्मानाबाद), महाराष्ट्र - 413601",294,1986,0,/nvs-school/mh/do
ahmednagar,"PM-SHRI Jawahar Navodaya Vidyalaya Takali Dhokeshwar, Ahmednagar, Maharashtra - 414304",RO-BHUBANESWAR,BHUBANESWAR,13,JNV TAKALI DHOKESHWAR - TAKALI DHOKESHWAR - 414304,"पीएम-श्री जवाहर नवोदय विद्यालय टाकली धोकेश्वर, अहमदनगर, महाराष्ट्र - 414304",295,1987,0,/nvs-school/mh/ahmednagar
beed,"PM-SHRI Jawahar Navodaya Vidyalaya Gadhi, Beed, Maharashtra - 431143",RO-BHUBANESWAR,BHUBANESWAR,13,NEAR SAKHAR KARKHANA - GADHI - 431143,"पीएम-श्री जवाहर नवोदय विद्यालय गढ़ी, बीड, महाराष्ट्र - 431143",296,1988,0,/nvs-school/mh/beed
jalgaon,"PM-SHRI Jawahar Navodaya Vidyalaya Sakegaon, Jalgaon, Maharashtra - 425201",RO-BHUBANESWAR,BHUBANESWAR,13,"NEAR TRAUMA CARE CENTRE , SAKEGAON - SAKEGAON - 425201","पीएम-श्री जवाहर नवोदय विद्यालय साकेगांव, जलगांव, महाराष्ट्र - 425201",297,1986,0,/nvs-school/mh/jalgaon
nasik,"PM-SHRI Jawahar Navodaya Vidyalaya Khedgaon, Nasik, Maharashtra - 422205",RO-BHUBANESWAR,BHUBANESWAR,13,"SHINDWAD ROAD, KHEDGAON - KHEDGAON - 422205","पीएम-श्री जवाहर नवोदय विद्यालय खेड़गांव, नासिक, महाराष्ट्र - 422205",298,1987,0,/nvs-school/mh/nashik
nandurbar1,"PM-SHRI Jawahar Navodaya Vidyalaya Akkalkuwa, Nandurbar-I, Maharashtra - 425415",RO-BHUBANESWAR,BHUBANESWAR,13,"MORAMBA ROAD, NEAR RURAL HOSPITAL - AKKALKUWA - 425415","पीएम-श्री जवाहर नवोदय विद्यालय अक्कलकुवा, नंदुरबार-I, महाराष्ट्र - 425415",299,1987,0,/nvs-school/mh/nandurbar1
palghar,"PM-SHRI Jawahar Navodaya Vidyalaya Palghar, Palghar, Maharashtra - 401402",RO-BHUBANESWAR,BHUBANESWAR,13,"NEAR PRAID HOTEL, VADRAI ROAD, PALGHAR - PALGHAR - 401402","पीएम-श्री जवाहर नवोदय विद्यालय पालघर, पालघर, महाराष्ट्र - 401402",300,2003,0,/nvs-school/mh/palghar
jalna,"PM-SHRI Jawahar Navodaya Vidyalaya Amba, Jalna, Maharashtra - 431501",RO-BHUBANESWAR,BHUBANESWAR,13,"AT AMBA, PARTUR, DIST. JALNA-431501 - AMBA - 431501","पीएम-श्री जवाहर नवोदय विद्यालय अंबा, जालना, महाराष्ट्र - 431501",301,1987,0,/nvs-school/mh/jalna
hingoli,"PM-SHRI Jawahar Navodaya Vidyalaya Basmath, Hingoli, Maharashtra - 431512",RO-BHUBANESWAR,BHUBANESWAR,13,INFRONT OFGOVT. ITI - BASMATH - 431512,"पीएम-श्री जवाहर नवोदय विद्यालय बासमठ, हिंगोली, महाराष्ट्र - 431512",302,1987,0,/nvs-school/mh/hingoli
gondia,"PM-SHRI Jawahar Navodaya Vidyalaya Navegaon Bandh, Gondia, Maharashtra - 441702",RO-BHUBANESWAR,BHUBANESWAR,13,"JNV NAVEGAON BANDH, TQ.ARJUNI MORGAON, DISTRICT.GONDIA, PIN CODE.441702 - NAVEGAON BANDH - 441702","पीएम-श्री जवाहर नवोदय विद्यालय नवेगांव बांध, गोंदिया, महाराष्ट्र - 441702",303,1988,0,/nvs-school/mh/gondia
wardha,"PM-SHRI Jawahar Navodaya Vidyalaya Selu Kate, Wardha, Maharashtra - 442001",RO-BHUBANESWAR,BHUBANESWAR,13,"HINGANGHAT ROAD, SELU KATE - SELU KATE - 442001","पीएम-श्री जवाहर नवोदय विद्यालय सेलु काटे, वर्धा, महाराष्ट्र - 442001",304,1987,0,/nvs-school/mh/wardha
yavatmal,"PM-SHRI Jawahar Navodaya Vidyalaya Belora, Yavatmal, Maharashtra - 445301",RO-BHUBANESWAR,BHUBANESWAR,13,"AT- BELORA , POST- GHATANJI , TAH. GHATANJI - BELORA - 445301","पीएम-श्री जवाहर नवोदय विद्यालय बेलोरा, यवतमाल, महाराष्ट्र - 445301",305,1987,0,/nvs-school/mh/yavatmal
chandrapur,"PM-SHRI Jawahar Navodaya Vidyalaya Talodhi(Ba.), Chandrapur, Maharashtra - 441221",RO-BHUBANESWAR,BHUBANESWAR,13,AT TALODHI(BALAPUR) CHARGAON MANAPUR ROAD - TALODHI(BA.) - 441221,"पीएम-श्री जवाहर नवोदय विद्यालय तलोधी (बीए), चंद्रपुर, महाराष्ट्र - 441221",306,1987,0,/nvs-school/mh/chandrapur
sangli,"PM-SHRI Jawahar Navodaya Vidyalaya Palus, Sangli, Maharashtra - 416310",RO-BHUBANESWAR,BHUBANESWAR,13,MIDC ROAD - PALUS - 416310,"पीएम-श्री जवाहर नवोदय विद्यालय पलुस, सांगली, महाराष्ट्र - 416310",307,1991,0,/nvs-school/mh/sangli
ratnagiri,"PM-SHRI Jawahar Navodaya Vidyalaya Padve, Ratnagiri, Maharashtra - 416702",RO-BHUBANESWAR,BHUBANESWAR,13,NEAR PADVE BUS STOP - PADVE - 416702,"पीएम-श्री जवाहर नवोदय विद्यालय पड़वे, रत्नागिरी, महाराष्ट्र - 416702",308,1993,0,/nvs-school/mh/ratnagiri
sindhudurg,"PM-SHRI Jawahar Navodaya Vidyalaya Sangeli - Savarwad, Sindhudurg, Maharashtra - 416531",RO-BHUBANESWAR,BHUBANESWAR,13,NEAR GRAMPANCHAYAT SAVARWAD - SANGELI - SAVARWAD - 416531,"पीएम-श्री जवाहर नवोदय विद्यालय सांगेली - सावरवाड़, सिंधुदुर्ग, महाराष्ट्र - 416531",309,1993,0,/nvs-school/mh/sindhudurg
csa,"PM-SHRI Jawahar Navodaya Vidyalaya Kannad, Chhatrapati Sambhajinagar (Aurangabad), Maharashtra - 431103",RO-BHUBANESWAR,BHUBANESWAR,13,"NEAR SHIVAJI COLLEGE, KANNAD - KANNAD - 431103","पीएम-श्री जवाहर नवोदय विद्यालय कन्नड़, छत्रपति संभाजीनगर (औरंगाबाद), महाराष्ट्र - 431103",310,1993,0,/nvs-school/mh/csa
kolhapur,"PM-SHRI Jawahar Navodaya Vidyalaya Kagal, Kolhapur, Maharashtra - 416216",RO-BHUBANESWAR,BHUBANESWAR,13,"KAGAL, SANGAON ROAD, KAGAL - KAGAL - 416216","पीएम-श्री जवाहर नवोदय विद्यालय कागल, कोल्हापुर, महाराष्ट्र - 416216",311,1993,0,/nvs-school/mh/kolhapur
akola,"PM-SHRI Jawahar Navodaya Vidyalaya Babhulgaon Jahangir, Akola, Maharashtra - 444104",RO-BHUBANESWAR,BHUBANESWAR,13,"MURTIZAPUR ROAD, NH 06 - BABHULGAON JAHANGIR - 444104","पीएम-श्री जवाहर नवोदय विद्यालय बाभुलगांव जहांगीर, अकोला, महाराष्ट्र - 444104",312,2003,0,/nvs-school/mh/akola
raigad,"PM-SHRI Jawahar Navodaya Vidyalaya Nizampur, Raigad, Maharashtra - 402120",RO-BHUBANESWAR,BHUBANESWAR,13,"AT-NIZAMPUR, TAL.MANGAON, DIST. RAIGAD - NIZAMPUR - 402120","पीएम-श्री जवाहर नवोदय विद्यालय निजामपुर, रायगढ़, महाराष्ट्र - 402120",313,1994,0,/nvs-school/mh/raigad
satara,"PM-SHRI Jawahar Navodaya Vidyalaya Kshetramahuli, Satara, Maharashtra - 415003",RO-BHUBANESWAR,BHUBANESWAR,13,NEAR RAILWAY STATION SATARA - KSHETRAMAHULI - 415003,"पीएम-श्री जवाहर नवोदय विद्यालय क्षेत्रमहुली, सतारा, महाराष्ट्र - 415003",314,1993,0,/nvs-school/mh/satara
solapur,"PM-SHRI Jawahar Navodaya Vidyalaya Pokharapur, Solapur, Maharashtra - 413248",RO-BHUBANESWAR,BHUBANESWAR,13,POKHARAPUR- ADEGAON ROAD - POKHARAPUR - 413248,"पीएम-श्री जवाहर नवोदय विद्यालय पोखरापुर, सोलापुर, महाराष्ट्र - 413248",315,1994,0,/nvs-school/mh/solapur
pune,"PM-SHRI Jawahar Navodaya Vidyalaya Pimpale Jagtap, Pune, Maharashtra - 412208",RO-BHUBANESWAR,BHUBANESWAR,13,CHAKAN SHIKRAPUR ROAD NEAR BHARATGAS PHATA - PIMPALE JAGTAP - 412208,"पीएम-श्री जवाहर नवोदय विद्यालय पिंपले जगताप, पुणे, महाराष्ट्र - 412208",316,2001,0,/nvs-school/mh/pune
washim,"PM-SHRI Jawahar Navodaya Vidyalaya Washim, Washim, Maharashtra - 444505",RO-BHUBANESWAR,BHUBANESWAR,13,KATA ROAD WASHIM - WASHIM - 444505,"पीएम-श्री जवाहर नवोदय विद्यालय वाशिम, वाशिम, महाराष्ट्र - 444505",317,1994,0,/nvs-school/mh/washim
parbhani,"PM-SHRI Jawahar Navodaya Vidyalaya Balsa, Parbhani, Maharashtra - 431402",RO-BHUBANESWAR,BHUBANESWAR,13,MARATHWADA KRUSHI VIDYAPETH CAMPUS PARBHANI - BALSA - 431402,"पीएम-श्री जवाहर नवोदय विद्यालय बलसा, परभणी, महाराष्ट्र - 431402",318,2002,0,/nvs-school/mh/parbhani
dhule,"PM-SHRI Jawahar Navodaya Vidyalaya Nakane, Dhule, Maharashtra - 424002",RO-BHUBANESWAR,BHUBANESWAR,13,AP-NAKANE TAL-DHULE DIST-DHULE - NAKANE - 424002,"पीएम-श्री जवाहर नवोदय विद्यालय नाकाने, धुले, महाराष्ट्र - 424002",319,2007,0,/nvs-school/mh/dhule
nandurbar2,"PM-SHRI Jawahar Navodaya Vidyalaya Shrawani, Nandurbar II, Maharashtra - 425416",RO-BHUBANESWAR,BHUBANESWAR,13,NEAR RAILWAY CROSSING - SHRAWANI - 425416,"पीएम-श्री जवाहर नवोदय विद्यालय श्रावणी, नंदुरबार II, महाराष्ट्र - 425416",320,2010,0,/nvs-school/mh/nandurbar2
bhandara,"PM-SHRI Jawahar Navodaya Vidyalaya Panchgaon, Bhandara, Maharashtra - 441905",RO-BHUBANESWAR,BHUBANESWAR,13,AT PANCHGAON - PANCHGAON - 441905,"पीएम-श्री जवाहर नवोदय विद्यालय पंचगांव, भंडारा, महाराष्ट्र - 441905",321,2017,0,/nvs-school/mh/bhandara
kt,"PM-SHRI Jawahar Navodaya Vidyalaya Umathel, Kakching (Thoubal), Manipur - 795103",RO-PATNA,PATNA,14,Near Kakching Khunou College - UMATHEL - 795103,"पीएम-श्री जवाहर नवोदय विद्यालय उमाथेल, काकचिंग (थौबल), मणिपुर - 795103",322,1988,0,/nvs-school/mn/kt
bishnupur,"PM-SHRI Jawahar Navodaya Vidyalaya Bishnupur, Bishnupur, Manipur - 795126",RO-PATNA,PATNA,14,BISHNUPUR - 795126,"पीएम-श्री जवाहर नवोदय विद्यालय बिष्णुपुर, बिष्णुपुर, मणिपुर - 795126",323,1988,0,/nvs-school/mn/bishnupur
churachandpur,"PM-SHRI Jawahar Navodaya Vidyalaya Tuinom , Churachandpur, Manipur - 795128",RO-PATNA,PATNA,14,Tuinom - 795128,"पीएम-श्री जवाहर नवोदय विद्यालय तुइनोम, चुराचांदपुर, मणिपुर - 795128",324,1988,0,/nvs-school/mn/churachandpur
senapati1,"PM-SHRI Jawahar Navodaya Vidyalaya Pfukhro Mao, Senapati-I, Manipur - 795150",RO-PATNA,PATNA,14,PFUKHRO MAO - 795150,"पीएम-श्री जवाहर नवोदय विद्यालय फुखरो माओ, सेनापति-I, मणिपुर - 795150",325,1987,0,/nvs-school/mn/senapati1
iw,"PM-SHRI Jawahar Navodaya Vidyalaya Khumbong, Imphal West, Manipur - 795113",RO-PATNA,PATNA,14,KHUMBONG - 795113,"पीएम-श्री जवाहर नवोदय विद्यालय खुम्बोंग, इंफाल पश्चिम, मणिपुर - 795113",326,1988,0,/nvs-school/mn/iw
chandel,"PM-SHRI Jawahar Navodaya Vidyalaya Liwa Khullen Sarei, Chandel, Manipur - 795127",RO-PATNA,PATNA,14,LIWA KHULLEN SAREI - 795127,"पीएम-श्री जवाहर नवोदय विद्यालय लिवा खुल्लेन सरेई, चंदेल, मणिपुर - 795127",327,1988,0,/nvs-school/mn/chandel
ukhrul1,"PM-SHRI Jawahar Navodaya Vidyalaya Ukhrul, Ukhrul I, Manipur - 795145",RO-PATNA,PATNA,14,UKHRUL - 795145,"पीएम-श्री जवाहर नवोदय विद्यालय उखरुल, उखरुल I, मणिपुर - 795145",328,1987,0,/nvs-school/mn/ukhrul1
tamenglong,"PM-SHRI Jawahar Navodaya Vidyalaya Duigailong , Tamenglong, Manipur - 795141",RO-PATNA,PATNA,14,Duigailong - 795141,"पीएम-श्री जवाहर नवोदय विद्यालय दुइगैलोंग, तामेंगलोंग, मणिपुर - 795141",329,1993,0,/nvs-school/mn/tamenglong
ei,"PM-SHRI Jawahar Navodaya Vidyalaya Yaralpat, East Imphal, Manipur - 795005",RO-PATNA,PATNA,14,YARALPAT - 795005,"पीएम-श्री जवाहर नवोदय विद्यालय यारलपत, पूर्वी इंफाल, मणिपुर - 795005",330,2002,0,/nvs-school/mn/ei
kisi,"PM-SHRI Jawahar Navodaya Vidyalaya Kholjang, Kangpokpi-I (Senapati II), Manipur - 795122",RO-PATNA,PATNA,14,KHOLJANG - 795122,"पीएम-श्री जवाहर नवोदय विद्यालय खोलजंग, कांगपोकपी-I (सेनापति II), मणिपुर - 795122",331,2013,0,/nvs-school/mn/kis2
ukhrul2,"Jawahar Navodaya Vidyalaya Jessami, Ukhrul II, Manipur - 795142",RO-PATNA,PATNA,14,JESSAMI - 795142,"जवाहर नवोदय विद्यालय जेसामी, उखरुल II, मणिपुर - 795142",332,2013,0,/nvs-school/mn/ukhrul2
kangpokpi2,"Jawahar Navodaya Vidyalaya Thankhanphai, Kangpokpi-II, Manipur - 795118",RO-PATNA,PATNA,14,THANKHANPHAI - 795118,"जवाहर नवोदय विद्यालय थंकनफाई, कांगपोकपी-II, मणिपुर - 795118",1114,2025,0,/nvs-school/mn/kangpokpi2
noney,"Jawahar Navodaya Vidyalaya Ghatao, Noney, Manipur - 795147",RO-PATNA,PATNA,14,Ghatao - 795147,"जवाहर नवोदय विद्यालय घटाओ, नोनी, मणिपुर - 795147",1115,2025,0,/nvs-school/mn/noney
thoubal,"Jawahar Navodaya Vidyalaya Heirok, Thoubal, Manipur - 795148",RO-PATNA,PATNA,14,HEIROK - 795148,"जवाहर नवोदय विद्यालय हेइरोक, थौबल, मणिपुर - 795148",1113,2025,0,/nvs-school/mn/thoubal
egh,"PM-SHRI Jawahar Navodaya Vidyalaya Amnagar Williamnagar, East Garo Hills, Meghalaya - 794111",RO-PATNA,PATNA,15,Amnagar Williamnagar - 794111,"पीएम-श्री जवाहर नवोदय विद्यालय अमनगर विलियमनगर, ईस्ट गारो हिल्स, मेघालय - 794111",333,1986,0,/nvs-school/ml/egh
sgh,"PM-SHRI Jawahar Navodaya Vidyalaya Ampanggre, South Garo Hills, Meghalaya - 794102",RO-PATNA,PATNA,15,Ampanggre - 794102,"पीएम-श्री जवाहर नवोदय विद्यालय अम्पांगग्रे, साउथ गारो हिल्स, मेघालय - 794102",334,1986,0,/nvs-school/ml/sgh
rb,"PM-SHRI Jawahar Navodaya Vidyalaya Niangbarithem, Ri-Bhoi, Meghalaya - 793102",RO-PATNA,PATNA,15,NIANGBARITHEM - 793102,"पीएम-श्री जवाहर नवोदय विद्यालय नियांगबारितेम, री-भोई, मेघालय - 793102",335,1986,0,/nvs-school/ml/rb
wjh,"PM-SHRI Jawahar Navodaya Vidyalaya Mukhla, West Jaintia Hills, Meghalaya - 793151",RO-PATNA,PATNA,15,Mukhla - 793151,"पीएम-श्री जवाहर नवोदय विद्यालय मुखला, पश्चिम जैंतिया हिल्स, मेघालय - 793151",336,1991,0,/nvs-school/ml/wjh
ln,"PM-SHRI Jawahar Navodaya Vidyalaya Nongpyndeng, Lad Nongsba, West Khasi Hills, Meghalaya - 793119",RO-PATNA,PATNA,15,"Nongpyndeng, Lad Nongsba - 793119","पीएम-श्री जवाहर नवोदय विद्यालय नोंगपिंडेंग, लाड नोंग्सबा, पश्चिम खासी हिल्स, मेघालय - 793119",337,1995,0,/nvs-school/ml/wkh
swgh,"PM-SHRI Jawahar Navodaya Vidyalaya Kendrikona, South West Garo Hills, Meghalaya - 794106",RO-PATNA,PATNA,15,Kendrikona - 794106,"पीएम-श्री जवाहर नवोदय विद्यालय केंद्रीकोना, दक्षिण पश्चिम गारो हिल्स, मेघालय - 794106",338,1998,0,/nvs-school/ml/swgh
ekh1,"PM-SHRI Jawahar Navodaya Vidyalaya Mawphlang, East Khasi Hills -I, Meghalaya - 793121",RO-PATNA,PATNA,15,Mawphlang - 793121,"पीएम-श्री जवाहर नवोदय विद्यालय मावफलांग, पूर्वी खासी हिल्स -I, मेघालय - 793121",339,2005,0,/nvs-school/ml/ekh1
ekh2,"Jawahar Navodaya Vidyalaya Mawsynram, East Khasi Hills -II, Meghalaya - 793113",RO-PATNA,PATNA,15,Mawsynram - 793113,"जवाहर नवोदय विद्यालय मौसिनराम, ईस्ट खासी हिल्स -II, मेघालय - 793113",340,2009,0,/nvs-school/ml/ekh2
ejh,"Jawahar Navodaya Vidyalaya Rymbai, East Jaintia Hills, Meghalaya - 793160",RO-PATNA,PATNA,15,RYMBAI - 793160,"जवाहर नवोदय विद्यालय रिम्बाई, ईस्ट जैंतिया हिल्स, मेघालय - 793160",341,2018,0,/nvs-school/ml/ejh
swkh,"Jawahar Navodaya Vidyalaya Mawlangwir, South West Khasi Hills, Meghalaya - 793114",RO-PATNA,PATNA,15,Mawlangwir - 793114,"जवाहर नवोदय विद्यालय मावलंगवीर, साउथ वेस्ट खासी हिल्स, मेघालय - 793114",342,2019,0,/nvs-school/ml/swkh
ngh,"Jawahar Navodaya Vidyalaya Raja Apal, North Garo Hills, Meghalaya - 794002",RO-PATNA,PATNA,15,Raja apal - 794002,"जवाहर नवोदय विद्यालय राजा अपाल, नॉर्थ गारो हिल्स, मेघालय - 794002",343,2023,0,/nvs-school/ml/ngh
wgh,"Jawahar Navodaya Vidyalaya Bandukmali, West Garo Hills, Meghalaya - 794109",RO-PATNA,PATNA,15,Bandukmali - 794109,"जवाहर नवोदय विद्यालय बंदुकमाली, वेस्ट गारो हिल्स, मेघालय - 794109",344,2021,0,/nvs-school/ml/wgh
serchip,"PM-SHRI Jawahar Navodaya Vidyalaya Thenzawl, Serchip, Mizoram - 796186",RO-PATNA,PATNA,16,Thenzawl - 796186,"पीएम-श्री जवाहर नवोदय विद्यालय थेनजोल, सेरचिप, मिजोरम - 796186",345,1987,0,/nvs-school/mz/serchip
siaha,"Jawahar Navodaya Vidyalaya Thingsen, Siaha, Mizoram - 796901",RO-PATNA,PATNA,16,THINGSEN - 796901,"जवाहर नवोदय विद्यालय थिंगसेन, सियाहा, मिजोरम - 796901",346,,0,/nvs-school/mz/siaha
champhai,"PM-SHRI Jawahar Navodaya Vidyalaya Khawzawl, Champhai, Mizoram - 796310",RO-PATNA,PATNA,16,Khawzawl - 796310,"पीएम-श्री जवाहर नवोदय विद्यालय ख्वाजावल, चम्फाई, मिजोरम - 796310",347,2006,0,/nvs-school/mz/champhai
lawngtalai,"PM-SHRI Jawahar Navodaya Vidyalaya Sihtlangpui, Lawngtalai, Mizoram - 796891",RO-PATNA,PATNA,16,Sihtlangpui - 796891,"पीएम-श्री जवाहर नवोदय विद्यालय सिहतलांगपुई, लॉन्गतलाई, मिजोरम - 796891",348,2007,0,/nvs-school/mz/lawngtalai
kolasib,"PM-SHRI Jawahar Navodaya Vidyalaya Thingdawl, Kolasib, Mizoram - 796081",RO-PATNA,PATNA,16,Thingdawl - 796081,"पीएम-श्री जवाहर नवोदय विद्यालय थिंगडॉल, कोलासिब, मिजोरम - 796081",349,2007,0,/nvs-school/mz/kolasib
mamit,"PM-SHRI Jawahar Navodaya Vidyalaya Luangpawl, Mamit, Mizoram - 796441",RO-PATNA,PATNA,16,Luangpawl - 796441,"पीएम-श्री जवाहर नवोदय विद्यालय लुआंगपावल, ममित, मिजोरम - 796441",350,2008,0,/nvs-school/mz/mamit
aizawl,"PM-SHRI Jawahar Navodaya Vidyalaya Thingsulthliah, Aizawl, Mizoram - 796161",RO-PATNA,PATNA,16,Thingsulthliah - 796161,"पीएम-श्री जवाहर नवोदय विद्यालय थिंगसुलथलिया, आइजोल, मिजोरम - 796161",351,2016,0,/nvs-school/mz/aizawl
lunglei,"PM-SHRI Jawahar Navodaya Vidyalaya Pukpui, Lunglei, Mizoram - 796691",RO-PATNA,PATNA,16,Pukpui - 796691,"पीएम-श्री जवाहर नवोदय विद्यालय पुकपुई, लुंगलेई, मिजोरम - 796691",352,1987,0,/nvs-school/mz/lunglei
kohima,"PM-SHRI Jawahar Navodaya Vidyalaya P Khel, Kohima, Nagaland - 797001",RO-PATNA,PATNA,17,P Khel - 797001,"पीएम-श्री जवाहर नवोदय विद्यालय पी खेल, कोहिमा, नागालैंड - 797001",353,1988,0,/nvs-school/nl/kohima
wokha,"PM-SHRI Jawahar Navodaya Vidyalaya Chukitong, Wokha, Nagaland - 797111",RO-PATNA,PATNA,17,CHUKITONG - 797111,"पीएम-श्री जवाहर नवोदय विद्यालय चुकिटोंग, वोखा, नागालैंड - 797111",354,1991,0,/nvs-school/nl/wokha
phek,"PM-SHRI Jawahar Navodaya Vidyalaya Lewoza, Phek, Nagaland - 797107",RO-PATNA,PATNA,17,Lewoza - 797107,"पीएम-श्री जवाहर नवोदय विद्यालय लेवोजा, फेक, नागालैंड - 797107",355,1995,0,/nvs-school/nl/phek
tuensang,"PM-SHRI Jawahar Navodaya Vidyalaya Chare, Tuensang, Nagaland - 798601",RO-PATNA,PATNA,17,Chare - 798601,"पीएम-श्री जवाहर नवोदय विद्यालय चारे, तुएनसांग, नागालैंड - 798601",356,1994,0,/nvs-school/nl/tuensang
mokokchung,"PM-SHRI Jawahar Navodaya Vidyalaya Longnak, Mokokchung, Nagaland - 798604",RO-PATNA,PATNA,17,Longnak - 798604,"पीएम-श्री जवाहर नवोदय विद्यालय लोंगनाक, मोकोकचुंग, नागालैंड - 798604",357,2004,0,/nvs-school/nl/mokokchung
mon,"PM-SHRI Jawahar Navodaya Vidyalaya Wakching, Mon, Nagaland - 798621",RO-PATNA,PATNA,17,WAKCHING - 798621,"पीएम-श्री जवाहर नवोदय विद्यालय वाकचिंग, मोन, नागालैंड - 798621",358,2004,0,/nvs-school/nl/mon
kiphire,"Jawahar Navodaya Vidyalaya Kiphire , Kiphire, Nagaland - 798611",RO-PATNA,PATNA,17,Kiphire - 798611,"जवाहर नवोदय विद्यालय किफिरे, किफिरे, नागालैंड - 798611",359,2005,0,/nvs-school/nl/kiphire
dimapur,"PM-SHRI Jawahar Navodaya Vidyalaya Nihokhu, Dimapur, Nagaland - 797103",RO-PATNA,PATNA,17,NIHOKHU - 797103,"पीएम-श्री जवाहर नवोदय विद्यालय निहोखु, दीमापुर, नागालैंड - 797103",360,2006,0,/nvs-school/nl/dimapur
zunheboto,"PM-SHRI Jawahar Navodaya Vidyalaya Lumami, Zunheboto, Nagaland - 798627",RO-PATNA,PATNA,17,LUMAMI - 798627,"पीएम-श्री जवाहर नवोदय विद्यालय लुमामी, जुन्हेबोटो, नागालैंड - 798627",361,2006,0,/nvs-school/nl/zunheboto
peren,"PM-SHRI Jawahar Navodaya Vidyalaya Jalukie 'B', Peren, Nagaland - 797110",RO-PATNA,PATNA,17,Jalukie 'B' - 797110,"पीएम-श्री जवाहर नवोदय विद्यालय जलुकी 'बी', पेरेन, नागालैंड - 797110",362,2006,0,/nvs-school/nl/peren
longleng,"PM-SHRI Jawahar Navodaya Vidyalaya Tangha, Longleng, Nagaland - 798625",RO-PATNA,PATNA,17,Tangha - 798625,"पीएम-श्री जवाहर नवोदय विद्यालय तांघा, लोंगलेंग, नागालैंड - 798625",363,2007,0,/nvs-school/nl/longleng
cuttack,"PM-SHRI Jawahar Navodaya Vidyalaya Mundali, Cuttack, Odisha - 754006",RO-SHILLONG,SHILLONG,18,NEAR CISF MUNDALI - MUNDALI - 754006,"पीएम-श्री जवाहर नवोदय विद्यालय मुंडाली, कटक, ओडिशा - 754006",364,1987,0,/nvs-school/od/cuttack
dhenkanal,"PM-SHRI Jawahar Navodaya Vidyalaya Sarang, Dhenkanal, Odisha - 759146",RO-SHILLONG,SHILLONG,18,IGIT SARANG - SARANG - 759146,"पीएम-श्री जवाहर नवोदय विद्यालय सारंग, ढेंकनाल, ओडिशा - 759146",365,1986,0,/nvs-school/od/dhenkanal
keonjhar,"PM-SHRI Jawahar Navodaya Vidyalaya Hadagarh, Keonjhar, Odisha - 758023",RO-SHILLONG,SHILLONG,18,HADAGARH - HADAGARH - 758023,"पीएम-श्री जवाहर नवोदय विद्यालय हाड़ागढ़, क्योंझर, ओडिशा - 758023",366,1987,0,/nvs-school/od/keonjhar
koraput,"PM-SHRI Jawahar Navodaya Vidyalaya Landiguda, Koraput, Odisha - 764021",RO-SHILLONG,SHILLONG,18,LANDIGUDA - LANDIGUDA - 764021,"पीएम-श्री जवाहर नवोदय विद्यालय लांडीगुडा, कोरापुट, ओडिशा - 764021",367,1986,0,/nvs-school/od/koraput
phulbani,"PM-SHRI Jawahar Navodaya Vidyalaya Tudipaju, Phulbani, Odisha - 762002",RO-SHILLONG,SHILLONG,18,TUDIPAJU - TUDIPAJU - 762002,"पीएम-श्री जवाहर नवोदय विद्यालय टुडीपाजू, फूलबानी, ओडिशा - 762002",368,1986,0,/nvs-school/od/phulbani
bolangir,"PM-SHRI Jawahar Navodaya Vidyalaya Belpada, Bolangir, Odisha - 767026",RO-SHILLONG,SHILLONG,18,NEAR BLOCK OFFICE - BELPADA - 767026,"पीएम-श्री जवाहर नवोदय विद्यालय बेलपाड़ा, बोलनगीर, ओडिशा - 767026",369,1987,0,/nvs-school/od/bolangir
sambalpur,"PM-SHRI Jawahar Navodaya Vidyalaya Goshala, Sambalpur, Odisha - 768025",RO-SHILLONG,SHILLONG,18,NEAR OMFED - GOSHALA - 768025,"पीएम-श्री जवाहर नवोदय विद्यालय गोशाला, संबलपुर, ओडिशा - 768025",370,1987,0,/nvs-school/od/sambalpur
sundargarh,"PM-SHRI Jawahar Navodaya Vidyalaya Zinc Nagar, Sundargarh, Odisha - 770072",RO-SHILLONG,SHILLONG,18,ZINC NAGAR - ZINC NAGAR - 770072,"पीएम-श्री जवाहर नवोदय विद्यालय जिंक नगर, सुंदरगढ़, ओडिशा - 770072",371,1987,0,/nvs-school/od/sundargarh
balasore,"PM-SHRI Jawahar Navodaya Vidyalaya Bagudi, Balasore, Odisha - 756045",RO-SHILLONG,SHILLONG,18,NEAR CT SCHOOL - BAGUDI - 756045,"पीएम-श्री जवाहर नवोदय विद्यालय बागुडी, बालासोर, ओडिशा - 756045",372,1987,0,/nvs-school/od/balasore
kalahandi,"PM-SHRI Jawahar Navodaya Vidyalaya Chapatkhanda, Kalahandi, Odisha - 766001",RO-SHILLONG,SHILLONG,18,NORLA ROAD RAILWAY STATION - CHAPATKHANDA - 766001,"पीएम-श्री जवाहर नवोदय विद्यालय चपटखंडा, कालाहांडी, ओडिशा - 766001",373,1987,0,/nvs-school/od/kalahandi
ganjam,"PM-SHRI Jawahar Navodaya Vidyalaya Surangi, Ganjam, Odisha - 761037",RO-SHILLONG,SHILLONG,18,"NEAR JAGANNATH TEMPLE, SURANGI - SURANGI - 761037","पीएम-श्री जवाहर नवोदय विद्यालय सुरंगी, गंजम, ओडिशा - 761037",374,1987,0,/nvs-school/od/ganjam
mayurbhanj,"PM-SHRI Jawahar Navodaya Vidyalaya Salbani, Mayurbhanj, Odisha - 757029",RO-SHILLONG,SHILLONG,18,"VILL.- SALBANI, POST- DHANPUR - SALBANI - 757029","पीएम-श्री जवाहर नवोदय विद्यालय सालबानी, मयूरभंज, ओडिशा - 757029",375,1988,0,/nvs-school/od/mayurbhanj
puri,"PM-SHRI Jawahar Navodaya Vidyalaya Konark, Puri, Odisha - 752111",RO-SHILLONG,SHILLONG,18,NEAR MAA BHAGABATI TEMPLE - JUNEI - 752111,"पीएम-श्री जवाहर नवोदय विद्यालय कोणार्क, पुरी, ओडिशा - 752111",376,2001,0,/nvs-school/od/puri
nuapada,"PM-SHRI Jawahar Navodaya Vidyalaya Tarbod, Nuapada, Odisha - 766105",RO-SHILLONG,SHILLONG,18,TARBOD - TARBOD - 766105,"पीएम-श्री जवाहर नवोदय विद्यालय तरबोड, नुआपाड़ा, ओडिशा - 766105",377,1997,0,/nvs-school/od/nuapada
angul,"PM-SHRI Jawahar Navodaya Vidyalaya Champatimunda, Angul, Odisha - 759132",RO-SHILLONG,SHILLONG,18,"NEAR POST BASIC SCHOOL,CHAMPATIMUNDA - CHAMPATIMUNDA - 759132","पीएम-श्री जवाहर नवोदय विद्यालय चंपतिमुंडा, अंगुल, ओडिशा - 759132",378,1997,0,/nvs-school/od/angul
kendrapada,"PM-SHRI Jawahar Navodaya Vidyalaya Baro, Kendrapada, Odisha - 754250",RO-SHILLONG,SHILLONG,18,BARO - BARO - 754250,"पीएम-श्री जवाहर नवोदय विद्यालय बारो, केंद्रपाड़ा, ओडिशा - 754250",379,1997,0,/nvs-school/od/kendrapada
nabarangpur,"PM-SHRI Jawahar Navodaya Vidyalaya Khatiguda, Nabarangpur, Odisha - 764085",RO-SHILLONG,SHILLONG,18,NEAR MAIN ROAD KHATIGUDA - KHATIGUDA - 764085,"पीएम-श्री जवाहर नवोदय विद्यालय खातीगुड़ा, नबरंगपुर, ओडिशा - 764085",380,2001,0,/nvs-school/od/nabarangpur
sonepur,"PM-SHRI Jawahar Navodaya Vidyalaya Tarbha, Sonepur, Odisha - 767016",RO-SHILLONG,SHILLONG,18,NEAR DEOGAON VILLAGE - TARBHA - 767016,"पीएम-श्री जवाहर नवोदय विद्यालय तरभा, सोनपुर, ओडिशा - 767016",381,2001,0,/nvs-school/od/sonepur
rayagada,"PM-SHRI Jawahar Navodaya Vidyalaya Burjuguda, Rayagada, Odisha - 765018",RO-SHILLONG,SHILLONG,18,"NEAR IMFA, THERUBALI - BURJUGUDA - 765018","पीएम-श्री जवाहर नवोदय विद्यालय बुर्जुगुड़ा, रायगडा, ओडिशा - 765018",382,2002,0,/nvs-school/od/rayagada
jharsuguda,"PM-SHRI Jawahar Navodaya Vidyalaya Lahandabud, Jharsuguda, Odisha - 768202",RO-SHILLONG,SHILLONG,18,NEAR R.T.O OFFICE - LAHANDABUD - 768202,"पीएम-श्री जवाहर नवोदय विद्यालय लहंदाबुद, झारसुगुड़ा, ओडिशा - 768202",383,2002,0,/nvs-school/od/jharsuguda
khurda,"PM-SHRI Jawahar Navodaya Vidyalaya Gurujanga, Khurda, Odisha - 752057",RO-SHILLONG,SHILLONG,18,GURUJANGA WATER SUPPLY DEPT - GURUJANGA - 752057,"पीएम-श्री जवाहर नवोदय विद्यालय गुरुजंगा, खुर्दा, ओडिशा - 752057",384,2003,0,/nvs-school/od/khurda
gajapati,"PM-SHRI Jawahar Navodaya Vidyalaya Betaguda, Gajapati, Odisha - 761201",RO-SHILLONG,SHILLONG,18,JNV BETAGUDA - BETAGUDA - 761201,"पीएम-श्री जवाहर नवोदय विद्यालय बेटागुडा, गजपति, ओडिशा - 761201",385,2002,0,/nvs-school/od/gajapati
boudh,"PM-SHRI Jawahar Navodaya Vidyalaya Paljhar, Boudh, Odisha - 762026",RO-SHILLONG,SHILLONG,18,"GOVT.POLYTECHNIC, BOUDH - PALJHAR - 762026","पीएम-श्री जवाहर नवोदय विद्यालय पालझर, बौध, ओडिशा - 762026",386,2002,0,/nvs-school/od/boudh
malkangiri1,"PM-SHRI Jawahar Navodaya Vidyalaya Gondiaguda, Malkangiri - I, Odisha - 764045",RO-SHILLONG,SHILLONG,18,NEAR DISTRICT COURT - GONDIAGUDA - 764045,"पीएम-श्री जवाहर नवोदय विद्यालय गोंदियागुड़ा, मलकानगिरी - I, ओडिशा - 764045",387,2004,0,/nvs-school/od/malkangiri1
bargarh,"PM-SHRI Jawahar Navodaya Vidyalaya Paikmal, Bargarh, Odisha - 768039",RO-SHILLONG,SHILLONG,18,NEAR NEW BUS STAND - PAIKMAL - 768039,"पीएम-श्री जवाहर नवोदय विद्यालय पैकमल, बरगढ़, ओडिशा - 768039",388,2006,0,/nvs-school/od/bargarh
bhadrak,"PM-SHRI Jawahar Navodaya Vidyalaya Chandimal, Bhadrak, Odisha - 756125",RO-SHILLONG,SHILLONG,18,"NEAR KKGP HIGH SCHOOL, CHANDIMAL - CHANDIMAL - 756125","पीएम-श्री जवाहर नवोदय विद्यालय चंडीमल, भद्रक, ओडिशा - 756125",389,2006,0,/nvs-school/od/bhadrak
jajpur,"PM-SHRI Jawahar Navodaya Vidyalaya Patharpada, Jajpur, Odisha - 755043",RO-SHILLONG,SHILLONG,18,PATHARAPADA PANCHAYAT OFFICE - PATHARPADA - 755043,"पीएम-श्री जवाहर नवोदय विद्यालय पाथरपाड़ा, जाजपुर, ओडिशा - 755043",390,2006,0,/nvs-school/od/jajpur
nayagarh,"PM-SHRI Jawahar Navodaya Vidyalaya Nabaghanpur, Nayagarh, Odisha - 752070",RO-SHILLONG,SHILLONG,18,"NEAR SP OFFICE, NAYAGARH - NABAGHANPUR - 752070","पीएम-श्री जवाहर नवोदय विद्यालय नबघनपुर, नयागढ़, ओडिशा - 752070",391,2007,0,/nvs-school/od/nayagarh
jagatsinghpur,"PM-SHRI Jawahar Navodaya Vidyalaya Sailo, Jagatsinghpur, Odisha - 754140",RO-SHILLONG,SHILLONG,18,RAHAMA RAILWAY STATION - SAILO - 754140,"पीएम-श्री जवाहर नवोदय विद्यालय सैलो, जगतसिंहपुर, ओडिशा - 754140",392,2006,0,/nvs-school/od/jagatsinghpur
deogarh,"PM-SHRI Jawahar Navodaya Vidyalaya Sunamunda, Deogarh, Odisha - 768108",RO-SHILLONG,SHILLONG,18,NEAR OPTCL SUNAMUNDA - SUNAMUNDA - 768108,"पीएम-श्री जवाहर नवोदय विद्यालय सुनामुंडा, देवगढ़, ओडिशा - 768108",393,2006,0,/nvs-school/od/deogarh
malkangiri2,"PM-SHRI Jawahar Navodaya Vidyalaya Balimela, Malkangiri - II, Odisha - 764051",RO-SHILLONG,SHILLONG,18,"OHPC MAIN ROAD, NEAR OCC COLONY, BALIMELA - BALIMELA - 764051","पीएम-श्री जवाहर नवोदय विद्यालय बालीमेला, मलकानगिरी - II, ओडिशा - 764051",394,2011,0,/nvs-school/od/malkangiri2
muktsar,"PM-SHRI Jawahar Navodaya Vidyalaya Bring Khera , Muktsar, Punjab - 151211",RO-JAIPUR,JAIPUR,19,Vill. Waring Khera - BRING KHERA - 151211,"पीएम-श्री जवाहर नवोदय विद्यालय ब्रिंग खेड़ा, मुक्तसर, पंजाब - 151211",395,1986,0,/nvs-school/pb/muktsar
fs,"PM-SHRI Jawahar Navodaya Vidyalaya Farour, Fatehgarh Sahib, Punjab - 141801",RO-JAIPUR,JAIPUR,19,VILLAGE FAROUR - FAROUR - 141801,"पीएम-श्री जवाहर नवोदय विद्यालय फरौर, फतेहगढ़ साहिब, पंजाब - 141801",396,1986,0,/nvs-school/pb/fs
sangrur,"PM-SHRI Jawahar Navodaya Vidyalaya Longowal (Pindi Satipura), Sangrur, Punjab - 148106",RO-JAIPUR,JAIPUR,19,JHARHON ROAD - LONGOWAL (PINDI SATIPURA) - 148106,"पीएम-श्री जवाहर नवोदय विद्यालय लोंगोवाल (पिंडी सतीपुरा), संगरूर, पंजाब - 148106",397,1986,0,/nvs-school/pb/sangrur
sbsn,"PM-SHRI Jawahar Navodaya Vidyalaya Pojewal, S.B.S. Nagar, Punjab - 144524",RO-JAIPUR,JAIPUR,19,Garhshankar to Anandpur Sahib Road - POJEWAL - 144524,"पीएम-श्री जवाहर नवोदय विद्यालय पोजेवाल, एसबीएस नगर, पंजाब - 144524",398,1986,0,/nvs-school/pb/sbsn
amritsar1,"PM-SHRI Jawahar Navodaya Vidyalaya Awan, Amritsar-I, Punjab - 143603",RO-JAIPUR,JAIPUR,19,RAMDAS - AWAN - 143603,"पीएम-श्री जवाहर नवोदय विद्यालय अवान, अमृतसर-I, पंजाब - 143603",399,2007,0,/nvs-school/pb/amritsar1
kapurthala,"PM-SHRI Jawahar Navodaya Vidyalaya Maseetan , Kapurthala, Punjab - 144628",RO-JAIPUR,JAIPUR,19,BROTHER'S FILLING STATION PETROL PUMP - MASEETAN - 144628,"पीएम-श्री जवाहर नवोदय विद्यालय मसीतां, कपूरथला, पंजाब - 144628",400,1988,0,/nvs-school/pb/kapurthala
rr,"PM-SHRI Jawahar Navodaya Vidyalaya Sandhuan, Rupnagar (Ropar), Punjab - 140112",RO-JAIPUR,JAIPUR,19,Near Gurudwara Sahib - Sandhuan - 140112,"पीएम-श्री जवाहर नवोदय विद्यालय संधुआं, रूपनगर (रोपड़), पंजाब - 140112",401,1988,0,/nvs-school/pb/rr
patiala,"PM-SHRI Jawahar Navodaya Vidyalaya Fatehpur Rajputan, Patiala, Punjab - 147103",RO-JAIPUR,JAIPUR,19,VILL. FATEHPUR RAJPUTAN - FATEHPUR  RAJPUTAN - 147103,"पीएम-श्री जवाहर नवोदय विद्यालय फतेहपुर राजपुतान, पटियाला, पंजाब - 147103",402,1989,0,/nvs-school/pb/patiala
ferozepur,"PM-SHRI Jawahar Navodaya Vidyalaya Mahian Wala Kalan, Ferozepur, Punjab - 142047",RO-JAIPUR,JAIPUR,19,VILL MAHIANWALA KALAN - MAHIAN WALA KALAN - 142047,"पीएम-श्री जवाहर नवोदय विद्यालय महियां वाला कलां, फिरोजपुर, पंजाब - 142047",403,1992,0,/nvs-school/pb/ferozepur
pathankot,"PM-SHRI Jawahar Navodaya Vidyalaya Najochak, Pathankot, Punjab - 145025",RO-JAIPUR,JAIPUR,19,Near Najochak Village - NAJOCHAK - 145025,"पीएम-श्री जवाहर नवोदय विद्यालय नाजोचक, पठानकोट, पंजाब - 145025",404,1992,0,/nvs-school/pb/pathankot
bathinda,"PM-SHRI Jawahar Navodaya Vidyalaya Teona Pujarian, Bathinda, Punjab - 151302",RO-JAIPUR,JAIPUR,19,TEONA PUJARIAN - TEONA PUJARIAN - 151302,"पीएम-श्री जवाहर नवोदय विद्यालय तेओना पुजारियां, बठिंडा, पंजाब - 151302",405,1994,0,/nvs-school/pb/bathinda
jalandhar,"PM-SHRI Jawahar Navodaya Vidyalaya Talwandi Madho, Jalandhar, Punjab - 144625",RO-JAIPUR,JAIPUR,19,NEAR POWER HOUSE TALWANDI MADHO - TALWANDI MADHO - 144625,"पीएम-श्री जवाहर नवोदय विद्यालय तलवंडी माधो, जालंधर, पंजाब - 144625",406,1997,0,/nvs-school/pb/jalandhar
mansa,"PM-SHRI Jawahar Navodaya Vidyalaya Phaphre Bahike, Mansa, Punjab - 151502",RO-JAIPUR,JAIPUR,19,NEAR AKAL ACADEMY - PHAPHRE BAHIKE - 151502,"पीएम-श्री जवाहर नवोदय विद्यालय फाफरे बहिके, मनसा, पंजाब - 151502",407,2000,0,/nvs-school/pb/mansa
ludhiana,"PM-SHRI Jawahar Navodaya Vidyalaya Dhanansu, Ludhiana, Punjab - 141112",RO-JAIPUR,JAIPUR,19,JNV Dhanansu Ludhiana - Dhanansu - 141112,"पीएम-श्री जवाहर नवोदय विद्यालय धनांसू, लुधियाना, पंजाब - 141112",408,2002,0,/nvs-school/pb/ludhiana
hoshiarpur,"PM-SHRI Jawahar Navodaya Vidyalaya Phalahi, Hoshiarpur, Punjab - 146111",RO-JAIPUR,JAIPUR,19,NEAR GOVT SR.SEC.SCHOOL PHALAHI AND GAUNSHALA - PHALAHI - 146111,"पीएम-श्री जवाहर नवोदय विद्यालय फलाही, होशियारपुर, पंजाब - 146111",409,2002,0,/nvs-school/pb/hoshiarpur
faridkot,"PM-SHRI Jawahar Navodaya Vidyalaya Kauni, Faridkot, Punjab - 151212",RO-JAIPUR,JAIPUR,19,VILLAGE KAUNI - KAUNI - 151212,"पीएम-श्री जवाहर नवोदय विद्यालय कौनी, फरीदकोट, पंजाब - 151212",410,2000,0,/nvs-school/pb/faridkot
moga,"PM-SHRI Jawahar Navodaya Vidyalaya Lohara, Moga, Punjab - 142039",RO-JAIPUR,JAIPUR,19,TAKHTPURA - LOHARA - 142039,"पीएम-श्री जवाहर नवोदय विद्यालय लोहारा, मोगा, पंजाब - 142039",411,2002,0,/nvs-school/pb/moga
tt,"PM-SHRI Jawahar Navodaya Vidyalaya Goindwal Sahib, Tarn Taran, Punjab - 143422",RO-JAIPUR,JAIPUR,19,NEAR  POLICE  STATION - GOINDWAL SAHIB - 143422,"पीएम-श्री जवाहर नवोदय विद्यालय गोइंदवाल साहिब, तरनतारन, पंजाब - 143422",412,1988,0,/nvs-school/pb/tt
barnala,"PM-SHRI Jawahar Navodaya Vidyalaya Dhilwan, Barnala, Punjab - 148108",RO-JAIPUR,JAIPUR,19,NEAR ALIKE AND BHADAUR ROAD - DHILWAN - 148108,"पीएम-श्री जवाहर नवोदय विद्यालय ढिलवां, बरनाला, पंजाब - 148108",413,2008,0,/nvs-school/pb/barnala
sasnm,"PM-SHRI Jawahar Navodaya Vidyalaya Rakoli, Sahibzada Ajit Singh Nagar (Mohali), Punjab - 140103",RO-JAIPUR,JAIPUR,19,VILL.RAKOLI - RAKOLI - 140103,"पीएम-श्री जवाहर नवोदय विद्यालय रकोली, साहिबज़ादा अजीत सिंह नगर (मोहाली), पंजाब - 140103",414,2009,0,/nvs-school/pb/sasnm
amritsar2,"PM-SHRI Jawahar Navodaya Vidyalaya Bhillowal, Amritsar-II, Punjab - 143109",RO-JAIPUR,JAIPUR,19,VILLAGE BHILLOWAL DIST. AMRITSAR - BHILLOWAL - 143109,"पीएम-श्री जवाहर नवोदय विद्यालय भिल्लवाल, अमृतसर-II, पंजाब - 143109",415,2009,0,/nvs-school/pb/amritsar2
fazilka,"PM-SHRI Jawahar Navodaya Vidyalaya Kikarwala Rupa, Fazilka, Punjab - 152123",RO-JAIPUR,JAIPUR,19,"VILL. KIKARWALA RUPA, DISTT. FAZILKA - KIKARWALA RUPA - 152123","पीएम-श्री जवाहर नवोदय विद्यालय कीकरवाला रूपा, फाजिल्का, पंजाब - 152123",416,2018,0,/nvs-school/pb/fazilka
gurdaspur,"PM-SHRI Jawahar Navodaya Vidyalaya Daburi, Gurdaspur, Punjab - 143526",RO-JAIPUR,JAIPUR,19,VILL DABURI - DABURI - 143526,"पीएम-श्री जवाहर नवोदय विद्यालय दबुरी, गुरदासपुर, पंजाब - 143526",417,2019,0,/nvs-school/pb/gurdaspur
banswara1,"PM-SHRI Jawahar Navodaya Vidyalaya Budwa, Banswara-I, Rajasthan - 327604",RO-MUMBAI,MUMBAI,20,BUDWA - BUDWA - 327604,"पीएम-श्री जवाहर नवोदय विद्यालय बुड़वा, बांसवाड़ा-I, राजस्थान - 327604",418,1986,0,/nvs-school/rj/banswara1
churu,"PM-SHRI Jawahar Navodaya Vidyalaya Sardarshahar, Churu, Rajasthan - 331403",RO-MUMBAI,MUMBAI,20,NEAR SARAS DAIRY - SARDARSHAHAR - 331403,"पीएम-श्री जवाहर नवोदय विद्यालय सरदारशहर, चुरू, राजस्थान - 331403",419,1986,0,/nvs-school/rj/churu
kbj,"PM-SHRI Jawahar Navodaya Vidyalaya Paota, Kotputli-Behror (Jaipur), Rajasthan - 303106",RO-MUMBAI,MUMBAI,20,NEAR NAGAR PALIKA - PAOTA - 303106,"पीएम-श्री जवाहर नवोदय विद्यालय पावटा, कोटपुतली-बहरोड़ (जयपुर), राजस्थान - 303106",420,1986,0,/nvs-school/rj/kbj
dkn,"PM-SHRI Jawahar Navodaya Vidyalaya Panwari, Deedwana-Kuchaman (Nagaur), Rajasthan - 341508",RO-MUMBAI,MUMBAI,20,STATION ROAD - PANWARI - 341508,"पीएम-श्री जवाहर नवोदय विद्यालय पनवाड़ी, डीडवाना-कुचामन (नागौर), राजस्थान - 341508",421,1987,0,/nvs-school/rj/dkn
rajsamand,"PM-SHRI Jawahar Navodaya Vidyalaya Gadriyawas, Rajsamand, Rajasthan - 313324",RO-MUMBAI,MUMBAI,20,NEAR NH-08 - GADRIYAWAS - 313324,"पीएम-श्री जवाहर नवोदय विद्यालय गाडरियावास, राजसमंद, राजस्थान - 313324",422,1986,0,/nvs-school/rj/rajsamand
bhilwara,"PM-SHRI Jawahar Navodaya Vidyalaya Hurda, Bhilwara, Rajasthan - 311022",RO-MUMBAI,MUMBAI,20,AGUCHA MINES ROAD - HURDA - 311022,"पीएम-श्री जवाहर नवोदय विद्यालय हुरड़ा, भीलवाड़ा, राजस्थान - 311022",423,1987,0,/nvs-school/rj/bhilwara
chittorgarh,"PM-SHRI Jawahar Navodaya Vidyalaya Mandaphia , Chittorgarh, Rajasthan - 312027",RO-MUMBAI,MUMBAI,20,Near Sanwariya Temple - MANDAPHIA - 312027,"पीएम-श्री जवाहर नवोदय विद्यालय मंडाफिया, चित्तौड़गढ़, राजस्थान - 312027",424,1987,0,/nvs-school/rj/chittorgarh
jalore,"PM-SHRI Jawahar Navodaya Vidyalaya Jaswantpura, Jalore, Rajasthan - 307515",RO-MUMBAI,MUMBAI,20,ON REODAR ROAD (STATE HIGHWAY) - JASWANTPURA - 307515,"पीएम-श्री जवाहर नवोदय विद्यालय जसवंतपुरा, जालोर, राजस्थान - 307515",425,1987,0,/nvs-school/rj/jalore
sikar,"PM-SHRI Jawahar Navodaya Vidyalaya Patan, Sikar, Rajasthan - 332718",RO-MUMBAI,MUMBAI,20,"OPPOSITE TEHSIL OFFICE, PATAN - PATAN - 332718","पीएम-श्री जवाहर नवोदय विद्यालय पाटन, सीकर, राजस्थान - 332718",426,1987,0,/nvs-school/rj/sikar
baran,"PM-SHRI Jawahar Navodaya Vidyalaya Atru, Baran, Rajasthan - 325218",RO-MUMBAI,MUMBAI,20,Salpura road - ATRU - 325218,"पीएम-श्री जवाहर नवोदय विद्यालय अटरू, बारां, राजस्थान - 325218",427,1987,0,/nvs-school/rj/baran
bb,"PM-SHRI Jawahar Navodaya Vidyalaya Mandapura, Balotra (Barmer), Rajasthan - 344032",RO-MUMBAI,MUMBAI,20,OPPSITE COURT PACHPADRA - MANDAPURA - 344032,"पीएम-श्री जवाहर नवोदय विद्यालय मंडापुरा, बालोतरा (बाड़मेर), राजस्थान - 344032",428,1987,0,/nvs-school/rj/bb
dungarpur,"PM-SHRI Jawahar Navodaya Vidyalaya Thakarda, Dungarpur, Rajasthan - 314029",RO-MUMBAI,MUMBAI,20,Thakarda - THAKARDA - 314029,"पीएम-श्री जवाहर नवोदय विद्यालय ठाकरदा, डूंगरपुर, राजस्थान - 314029",429,1987,0,/nvs-school/rj/dungarpur
ajmer,"PM-SHRI Jawahar Navodaya Vidyalaya Nandla, Ajmer, Rajasthan - 305601",RO-MUMBAI,MUMBAI,20,HOUSING BOARD COLONY IN FORNT OF SHIV MANDIR - NANDLA - 305601,"पीएम-श्री जवाहर नवोदय विद्यालय नांदला, अजमेर, राजस्थान - 305601",430,1988,0,/nvs-school/rj/ajmer
jaisalmer,"PM-SHRI Jawahar Navodaya Vidyalaya Mohangarh, Jaisalmer, Rajasthan - 345033",RO-MUMBAI,MUMBAI,20,NEAR PWD GUEST HOUSE - MOHANGARH - 345033,"पीएम-श्री जवाहर नवोदय विद्यालय मोहनगढ़, जैसलमेर, राजस्थान - 345033",431,1987,0,/nvs-school/rj/jaisalmer
sg1,"PM-SHRI Jawahar Navodaya Vidyalaya Mahiyanwali, Sri Ganganagar-I, Rajasthan - 335002",RO-MUMBAI,MUMBAI,20,JNV MAHIYANWALI - MAHIYANWALI - 335002,"पीएम-श्री जवाहर नवोदय विद्यालय महियांवाली, श्री गंगानगर-I, राजस्थान - 335002",432,1988,0,/nvs-school/rj/sg1
jodhpur,"PM-SHRI Jawahar Navodaya Vidyalaya Tilwasni, Jodhpur, Rajasthan - 342605",RO-MUMBAI,MUMBAI,20,VILLAGE TILWASNI - TILWASNI - 342605,"पीएम-श्री जवाहर नवोदय विद्यालय तिलवासनी, जोधपुर, राजस्थान - 342605",433,1988,0,/nvs-school/rj/jodhpur
tonk,"PM-SHRI Jawahar Navodaya Vidyalaya Chhan, Tonk, Rajasthan - 304001",RO-MUMBAI,MUMBAI,20,NEAR DEVAT MATA MANDIR - CHHAN - 304001,"पीएम-श्री जवाहर नवोदय विद्यालय छान, टोंक, राजस्थान - 304001",434,1987,0,/nvs-school/rj/tonk
jhalawar,"PM-SHRI Jawahar Navodaya Vidyalaya Pachpahar, Jhalawar, Rajasthan - 326512",RO-MUMBAI,MUMBAI,20,NEAR PACHAPHAR ITI - PACHPAHAR - 326512,"पीएम-श्री जवाहर नवोदय विद्यालय पचपहाड़, झालावाड़, राजस्थान - 326512",435,1989,0,/nvs-school/rj/jhalawar
kta,"PM-SHRI Jawahar Navodaya Vidyalaya Khairthal, Khairthal-Tijara (Alwar), Rajasthan - 301404",RO-MUMBAI,MUMBAI,20,NEAR VAN VIBHAG PEHAL ROAD - KHAIRTHAL - 301404,"पीएम-श्री जवाहर नवोदय विद्यालय खैरथल, खैरथल-तिजारा (अलवर), राजस्थान - 301404",436,1988,0,/nvs-school/rj/kta
pali,"PM-SHRI Jawahar Navodaya Vidyalaya Jojawar, Pali, Rajasthan - 306022",RO-MUMBAI,MUMBAI,20,DHANLA ROAD - JOJAWAR - 306022,"पीएम-श्री जवाहर नवोदय विद्यालय जोजावर, पाली, राजस्थान - 306022",437,1988,0,/nvs-school/rj/pali
bikaner,"PM-SHRI Jawahar Navodaya Vidyalaya Gajner, Bikaner, Rajasthan - 334024",RO-MUMBAI,MUMBAI,20,GAJNER PALACE - GAJNER - 334024,"पीएम-श्री जवाहर नवोदय विद्यालय गजनेर, बीकानेर, राजस्थान - 334024",438,1993,0,/nvs-school/rj/bikaner
sirohi,"PM-SHRI Jawahar Navodaya Vidyalaya Kalandri, Sirohi, Rajasthan - 307802",RO-MUMBAI,MUMBAI,20,DODUA ROAD - KALANDRI - 307802,"पीएम-श्री जवाहर नवोदय विद्यालय कालंद्री, सिरोही, राजस्थान - 307802",439,1993,0,/nvs-school/rj/sirohi
sm,"PM-SHRI Jawahar Navodaya Vidyalaya Jat Baroda, Sawai Madhopur, Rajasthan - 322202",RO-MUMBAI,MUMBAI,20,GANGAPUR CITY - JAT BARODA - 322202,"पीएम-श्री जवाहर नवोदय विद्यालय जाट बड़ौदा, सवाई माधोपुर, राजस्थान - 322202",440,1994,0,/nvs-school/rj/sm
dausa,"PM-SHRI Jawahar Navodaya Vidyalaya Kherli, Dausa, Rajasthan - 303501",RO-MUMBAI,MUMBAI,20,NEAR NH 21 - KHERLI - 303501,"पीएम-श्री जवाहर नवोदय विद्यालय खेरली, दौसा, राजस्थान - 303501",441,1993,0,/nvs-school/rj/dausa
jhunjhunu,"PM-SHRI Jawahar Navodaya Vidyalaya Kajra, Jhunjhunu, Rajasthan - 333030",RO-MUMBAI,MUMBAI,20,NEAR TAGOR COLLEGE - KAJRA - 333030,"पीएम-श्री जवाहर नवोदय विद्यालय कजरा, झुंझुनू, राजस्थान - 333030",442,1994,0,/nvs-school/rj/jhunjhunu
bundi,"PM-SHRI Jawahar Navodaya Vidyalaya Sitapura, Bundi, Rajasthan - 323021",RO-MUMBAI,MUMBAI,20,TALERA - SITAPURA - 323021,"पीएम-श्री जवाहर नवोदय विद्यालय सीतापुरा, बूंदी, राजस्थान - 323021",443,1995,0,/nvs-school/rj/bundi
dholpur,"PM-SHRI Jawahar Navodaya Vidyalaya Dholpur, Dholpur, Rajasthan - 382001",RO-MUMBAI,MUMBAI,20,NH 11B BARI ROAD - DHOLPUR - 382001,"पीएम-श्री जवाहर नवोदय विद्यालय धौलपुर, धौलपुर, राजस्थान - 382001",444,1998,0,/nvs-school/rj/dholpur
kota,"PM-SHRI Jawahar Navodaya Vidyalaya Khairabad, Kota, Rajasthan - 326529",RO-MUMBAI,MUMBAI,20,INFORNT OF ITI - KHAIRABAD - 326529,"पीएम-श्री जवाहर नवोदय विद्यालय खैराबाद, कोटा, राजस्थान - 326529",445,1998,0,/nvs-school/rj/kota
bharatpur,"PM-SHRI Jawahar Navodaya Vidyalaya Chhonkarwara Kalan, Bharatpur, Rajasthan - 321407",RO-MUMBAI,MUMBAI,20,NEAR NH 21 - CHHONKARWARA KALAN - 321407,"पीएम-श्री जवाहर नवोदय विद्यालय छोंकरवाड़ा कलां, भरतपुर, राजस्थान - 321407",446,1998,0,/nvs-school/rj/bharatpur
udaipur,"PM-SHRI Jawahar Navodaya Vidyalaya Jawan Ji Ka Khera, Udaipur, Rajasthan - 313203",RO-MUMBAI,MUMBAI,20,NVS NLI UDAIPUR - JAWAN JI KA KHERA - 313203,"पीएम-श्री जवाहर नवोदय विद्यालय जवान जी का खेड़ा, उदयपुर, राजस्थान - 313203",447,2000,0,/nvs-school/rj/udaipur
hanumangarh,"PM-SHRI Jawahar Navodaya Vidyalaya Pallu, Hanumangarh, Rajasthan - 335522",RO-MUMBAI,MUMBAI,20,"Arjansar Road, In Front of Tehsil - PALLU - 335522","पीएम-श्री जवाहर नवोदय विद्यालय पल्लू, हनुमानगढ़, राजस्थान - 335522",448,2002,0,/nvs-school/rj/hanumangarh
karauli,"PM-SHRI Jawahar Navodaya Vidyalaya Jatnagla, Karauli, Rajasthan - 322236",RO-MUMBAI,MUMBAI,20,NEAR JATNAGLA - JATNAGLA - 322236,"पीएम-श्री जवाहर नवोदय विद्यालय जटनगला, करौली, राजस्थान - 322236",449,2005,0,/nvs-school/rj/karauli
banswara2,"PM-SHRI Jawahar Navodaya Vidyalaya Kupda, Banswara-II, Rajasthan - 327001",RO-MUMBAI,MUMBAI,20,Behind Mayur Mill Opposite Govt Engg College Village Kupda Banswara (Rajasthan) 327001 - KUPDA - 327001,"पीएम-श्री जवाहर नवोदय विद्यालय कूपड़ा, बांसवाड़ा-II, राजस्थान - 327001",450,2009,0,/nvs-school/rj/banswara2
sg2,"PM-SHRI Jawahar Navodaya Vidyalaya Suratgarh, Sri Ganganagar-II, Rajasthan - 335804",RO-MUMBAI,MUMBAI,20,NEAR CRPF CAMP - SURATGARH - 335804,"पीएम-श्री जवाहर नवोदय विद्यालय सूरतगढ़, श्री गंगानगर-II, राजस्थान - 335804",451,2014,0,/nvs-school/rj/sg2
pratapgarh,"PM-SHRI Jawahar Navodaya Vidyalaya Baseda, Pratapgarh, Rajasthan - 312601",RO-MUMBAI,MUMBAI,20,NEAR ROYAL KING HOTAL - Baseda - 312601,"पीएम-श्री जवाहर नवोदय विद्यालय बसेड़ा, प्रतापगढ़, राजस्थान - 312601",452,2017,0,/nvs-school/rj/pratapgarh
sws,"PM-SHRI Jawahar Navodaya Vidyalaya Rothak, Soreng (West Sikkim), Sikkim - 737121",RO-PATNA,PATNA,21,Rothak - 737121,"पीएम-श्री जवाहर नवोदय विद्यालय रोहतक, सोरेंग (पश्चिम सिक्किम), सिक्किम - 737121",453,1987,0,/nvs-school/sk/sws
mns,"PM-SHRI Jawahar Navodaya Vidyalaya Phodong, Mangan (North Sikkim), Sikkim - 737116",RO-PATNA,PATNA,21,Phodong - 737116,"पीएम-श्री जवाहर नवोदय विद्यालय फोडोंग, मंगन (उत्तरी सिक्किम), सिक्किम - 737116",454,1992,0,/nvs-school/sk/mns
nss,"PM-SHRI Jawahar Navodaya Vidyalaya Ravangla, Namchi (South Sikkim), Sikkim - 737139",RO-PATNA,PATNA,21,Ravangla - 737139,"पीएम-श्री जवाहर नवोदय विद्यालय रवांगला, नामची (दक्षिण सिक्किम), सिक्किम - 737139",455,2000,0,/nvs-school/sk/nss
pes,"PM-SHRI Jawahar Navodaya Vidyalaya Raigoan, Pakyong (East Sikkim), Sikkim - 767301",RO-PATNA,PATNA,21,RAIGOAN - 767301,"पीएम-श्री जवाहर नवोदय विद्यालय रायगांव, पकयोंग (पूर्वी सिक्किम), सिक्किम - 767301",456,2005,0,/nvs-school/sk/pes
bokaro,"PM-SHRI Jawahar Navodaya Vidyalaya Tenughat, Bokaro, Jharkhand - 829123",RO-BHOPAL,BHOPAL,22,KASTURBA GANDHI BALIKA VIDYALAYA - TENUGHAT - 829123,"पीएम-श्री जवाहर नवोदय विद्यालय तेनुघाट, बोकारो, झारखंड - 829123",457,1996,0,/nvs-school/jh/bokaro
deoghar,"PM-SHRI Jawahar Navodaya Vidyalaya Rikhiya, Deoghar, Jharkhand - 814113",RO-BHOPAL,BHOPAL,22,RIKHIYA - RIKHIYA - 814113,"पीएम-श्री जवाहर नवोदय विद्यालय रिखिया, देवघर, झारखंड - 814113",458,1997,0,/nvs-school/jh/deoghar
dumka,"PM-SHRI Jawahar Navodaya Vidyalaya Hansdiha, Dumka, Jharkhand - 814145",RO-BHOPAL,BHOPAL,22,NEAR HANSDIHA CHOWK - HANSDIHA - 814145,"पीएम-श्री जवाहर नवोदय विद्यालय हंसडीहा, दुमका, झारखंड - 814145",459,1986,0,/nvs-school/jh/dumka
es,"PM-SHRI Jawahar Navodaya Vidyalaya Balikudia, East Singhbhum, Jharkhand - 832101",RO-BHOPAL,BHOPAL,22,"OPPOSITE TO NEW NATRAZ, MUMBAI KOLKATA HIGHWAY - BALIKUDIA - 832101","पीएम-श्री जवाहर नवोदय विद्यालय बालिकुडिया, पूर्वी सिंहभूम, झारखंड - 832101",460,2001,0,/nvs-school/jh/es
chatra,"PM-SHRI Jawahar Navodaya Vidyalaya Pao, Chatra, Jharkhand - 825401",RO-BHOPAL,BHOPAL,22,PANNU SHAHID MAZAR - PAO - 825401,"पीएम-श्री जवाहर नवोदय विद्यालय पाओ, चतरा, झारखंड - 825401",461,1997,0,/nvs-school/jh/chatra
ws,"PM-SHRI Jawahar Navodaya Vidyalaya Bistumpur, West Singhbhum, Jharkhand - 833202",RO-BHOPAL,BHOPAL,22,OPP. JHINKPANI POLICE STATION - BISTUMPUR - 833202,"पीएम-श्री जवाहर नवोदय विद्यालय बिष्टुमपुर, पश्चिमी सिंहभूम, झारखंड - 833202",462,2013,0,/nvs-school/jh/ws
garhwa,"PM-SHRI Jawahar Navodaya Vidyalaya Annraj Nawadih, Garhwa, Jharkhand - 822114",RO-BHOPAL,BHOPAL,22,NEAR ANNRAJ NAWADIH - ANNRAJ NAWADIH - 822114,"पीएम-श्री जवाहर नवोदय विद्यालय अन्नराज नवाडीह, गढ़वा, झारखंड - 822114",463,1998,0,/nvs-school/jh/garhwa
giridih,"PM-SHRI Jawahar Navodaya Vidyalaya Lalpur, Giridih, Jharkhand - 815312",RO-BHOPAL,BHOPAL,22,NEAR KGBV GANDEY - LALPUR - 815312,"पीएम-श्री जवाहर नवोदय विद्यालय लालपुर, गिरिडीह, झारखंड - 815312",464,1994,0,/nvs-school/jh/giridih
godda,"PM-SHRI Jawahar Navodaya Vidyalaya Dhankunda, Godda, Jharkhand - 814165",RO-BHOPAL,BHOPAL,22,NEAR NTPC POWER GRID - DHANKUNDA - 814165,"पीएम-श्री जवाहर नवोदय विद्यालय धनकुंडा, गोड्डा, झारखंड - 814165",465,1987,0,/nvs-school/jh/godda
gumla,"PM-SHRI Jawahar Navodaya Vidyalaya Belagahra, Gumla, Jharkhand - 835208",RO-BHOPAL,BHOPAL,22,MASARIA DAM - BELAGAHRA - 835208,"पीएम-श्री जवाहर नवोदय विद्यालय बेलगहरा, गुमला, झारखंड - 835208",466,1986,0,/nvs-school/jh/gumla
hazaribagh,"PM-SHRI Jawahar Navodaya Vidyalaya Bonga, Hazaribagh, Jharkhand - 825402",RO-BHOPAL,BHOPAL,22,BONGA VILLAGE - BONGA - 825402,"पीएम-श्री जवाहर नवोदय विद्यालय बोंगा, हजारीबाग, झारखंड - 825402",467,1996,0,/nvs-school/jh/hazaribagh
koderma,"PM-SHRI Jawahar Navodaya Vidyalaya Puto, Koderma, Jharkhand - 825409",RO-BHOPAL,BHOPAL,22,NA - PUTO - 825409,"पीएम-श्री जवाहर नवोदय विद्यालय पुटो, कोडरमा, झारखंड - 825409",468,2001,0,/nvs-school/jh/koderma
lohardaga,"PM-SHRI Jawahar Navodaya Vidyalaya Jogna, Lohardaga, Jharkhand - 835302",RO-BHOPAL,BHOPAL,22,NEAR VILLAGE JOGNA - JOGNA - 835302,"पीएम-श्री जवाहर नवोदय विद्यालय जोगना, लोहरदगा, झारखंड - 835302",469,1987,0,/nvs-school/jh/lohardaga
latehar,"PM-SHRI Jawahar Navodaya Vidyalaya Bajkum, Latehar, Jharkhand - 829207",RO-BHOPAL,BHOPAL,22,BAJKUM - BAJKUM - 829207,"पीएम-श्री जवाहर नवोदय विद्यालय बाजकुम, लातेहार, झारखंड - 829207",470,1992,0,/nvs-school/jh/latehar
ranchi,"PM-SHRI Jawahar Navodaya Vidyalaya Mesra, Ranchi, Jharkhand - 835215",RO-BHOPAL,BHOPAL,22,NEAR BIT MESRA - MESRA - 835215,"पीएम-श्री जवाहर नवोदय विद्यालय मेसरा, रांची, झारखंड - 835215",471,1987,0,/nvs-school/jh/ranchi
sahebganj,"PM-SHRI Jawahar Navodaya Vidyalaya Sahibganj, Sahebganj, Jharkhand - 816109",RO-BHOPAL,BHOPAL,22,NEAR SIDHHU KANHU STADIUM ROAD - SAHIBGANJ - 816109,"पीएम-श्री जवाहर नवोदय विद्यालय साहिबगंज, साहेबगंज, झारखंड - 816109",472,1995,0,/nvs-school/jh/sahebganj
dhanbad,"PM-SHRI Jawahar Navodaya Vidyalaya Benagoria, Dhanbad, Jharkhand - 828205",RO-BHOPAL,BHOPAL,22,BENAGORIA - BENAGORIA - 828205,"पीएम-श्री जवाहर नवोदय विद्यालय बेनागोरिया, धनबाद, झारखंड - 828205",473,2003,0,/nvs-school/jh/dhanbad
pakur1,"PM-SHRI Jawahar Navodaya Vidyalaya Teliapokhar, Pakur-I, Jharkhand - 816106",RO-BHOPAL,BHOPAL,22,Vill-Teliapokhar - Teliapokhar - 816106,"पीएम-श्री जवाहर नवोदय विद्यालय तेलियापोखर, पाकुर -I, झारखंड - 816106",474,2003,0,/nvs-school/jh/pakur1
jamtara,"PM-SHRI Jawahar Navodaya Vidyalaya Tambajore, Jamtara, Jharkhand - 815351",RO-BHOPAL,BHOPAL,22,"TAMBAJORE, GUHIYAJORI, JAMTARA - TAMBAJORE - 815351","पीएम-श्री जवाहर नवोदय विद्यालय तांबाजोर, जामताड़ा, झारखंड - 815351",475,2007,0,/nvs-school/jh/jamtara
palamu1,"Jawahar Navodaya Vidyalaya Medininagar, Palamu-I, Jharkhand - 822101",RO-BHOPAL,BHOPAL,22,PALAMU CLUB - MEDININAGAR - 822101,"जवाहर नवोदय विद्यालय मेदिनीनगर, पलामू-I, झारखंड - 822101",476,2003,0,/nvs-school/jh/palamu1
saraikela,"PM-SHRI Jawahar Navodaya Vidyalaya Chhota Sijulata, Saraikela, Jharkhand - 832113",RO-BHOPAL,BHOPAL,22,HATA CHAIBASA ROAD - CHHOTA SIJULATA - 832113,"पीएम-श्री जवाहर नवोदय विद्यालय छोटा सिजुलता, सरायकेला, झारखंड - 832113",477,1986,0,/nvs-school/jh/saraikela
simdega,"PM-SHRI Jawahar Navodaya Vidyalaya Kolebira, Simdega, Jharkhand - 835211",RO-BHOPAL,BHOPAL,22,"BANO ROAD,KOLEBIRA - KOLEBIRA - 835211","पीएम-श्री जवाहर नवोदय विद्यालय कोलेबिरा, सिमडेगा, झारखंड - 835211",478,2006,0,/nvs-school/jh/simdega
pakur2,"PM-SHRI Jawahar Navodaya Vidyalaya Bagshisha, Pakur-II, Jharkhand - 816104",RO-BHOPAL,BHOPAL,22,BAGSHISHA PANCHAYAT BHAWAN - BAGSHISHA - 816104,"पीएम-श्री जवाहर नवोदय विद्यालय बागशीशा, पाकुर -II, झारखंड - 816104",479,2009,0,/nvs-school/jh/pakur2
palamu2,"PM-SHRI Jawahar Navodaya Vidyalaya Langarkot, Palamu-II, Jharkhand - 822116",RO-BHOPAL,BHOPAL,22,MUNDI PAHARI - LANGARKOT - 822116,"पीएम-श्री जवाहर नवोदय विद्यालय लंगरकोट, पलामू-II, झारखंड - 822116",480,2009,0,/nvs-school/jh/palamu2
khunti,"PM-SHRI Jawahar Navodaya Vidyalaya Jurdag, Khunti, Jharkhand - 835210",RO-BHOPAL,BHOPAL,22,NEAR VILL- JALTANDA - JURDAG - 835210,"पीएम-श्री जवाहर नवोदय विद्यालय जुरदाग, खूंटी, झारखंड - 835210",481,2017,0,/nvs-school/jh/khunti
ramgarh,"PM-SHRI Jawahar Navodaya Vidyalaya Katiya, Ramgarh, Jharkhand - 829119",RO-BHOPAL,BHOPAL,22,ROAD NO.5 - KATIYA - 829119,"पीएम-श्री जवाहर नवोदय विद्यालय कटिया, रामगढ़, झारखंड - 829119",482,2017,0,/nvs-school/jh/ramgarh
khowai,"PM-SHRI Jawahar Navodaya Vidyalaya Uttar Ramchandraghat, Khowai, Tripura - 799207",RO-PATNA,PATNA,23,Uttar Ramchandraghat - 799207,"पीएम-श्री जवाहर नवोदय विद्यालय उत्तर रामचंद्रघाट, खोवाई, त्रिपुरा - 799207",483,1988,0,/nvs-school/tr/khowai
dhalai,"PM-SHRI Jawahar Navodaya Vidyalaya Kanchancherra , Dhalai, Tripura - 799266",RO-PATNA,PATNA,23,Kanchancherra - 799266,"पीएम-श्री जवाहर नवोदय विद्यालय कंचनचेर्रा, धलाई, त्रिपुरा - 799266",484,1995,0,/nvs-school/tr/dhalai
gt,"PM-SHRI Jawahar Navodaya Vidyalaya Kunjaban, Gomti Tripura, Tripura - 799013",RO-PATNA,PATNA,23,KUNJABAN - 799013,"पीएम-श्री जवाहर नवोदय विद्यालय कुंजाबन, गोमती त्रिपुरा, त्रिपुरा - 799013",485,1991,0,/nvs-school/tr/gt
nt,"PM-SHRI Jawahar Navodaya Vidyalaya Kherengjuri, North Tripura, Tripura - 799262",RO-PATNA,PATNA,23,Kherengjuri - 799262,"पीएम-श्री जवाहर नवोदय विद्यालय खेरेंगजुरी, उत्तर त्रिपुरा, त्रिपुरा - 799262",486,2007,0,/nvs-school/tr/nt
st,"PM-SHRI Jawahar Navodaya Vidyalaya Baspadua, South Tripura, Tripura - 799155",RO-PATNA,PATNA,23,BASPADUA - 799155,"पीएम-श्री जवाहर नवोदय विद्यालय बासपदुवा, दक्षिण त्रिपुरा, त्रिपुरा - 799155",487,2017,0,/nvs-school/tr/st
sepahijala,"PM-SHRI Jawahar Navodaya Vidyalaya Takarjala, Sepahijala, Tripura - 799011",RO-PATNA,PATNA,23,Takarjala - 799011,"पीएम-श्री जवाहर नवोदय विद्यालय तकरजला, सिपाहीजला, त्रिपुरा - 799011",488,2017,0,/nvs-school/tr/sepahijala
wt,"Jawahar Navodaya Vidyalaya Rangacherra, West Tripura, Tripura - 799211",RO-PATNA,PATNA,23,RANGACHERRA - 799211,"जवाहर नवोदय विद्यालय रंगचेरा, पश्चिम त्रिपुरा, त्रिपुरा - 799211",489,2020,0,/nvs-school/tr/wt
unakoti,"Jawahar Navodaya Vidyalaya Laxmipur, Unakoti, Tripura - 799263",RO-PATNA,PATNA,23,LAXMIPUR - 799263,"जवाहर नवोदय विद्यालय लक्ष्मीपुर, उनाकोटी, त्रिपुरा - 799263",490,2020,0,/nvs-school/tr/unakoti
bareilly,"PM-SHRI Jawahar Navodaya Vidyalaya Rafiyabad, Bareilly, Uttar Pradesh - 243501",RO-PUNE,PUNE,24,FATEHGANJ WEST - RAFIYABAD - 243501,"पीएम-श्री जवाहर नवोदय विद्यालय रफियाबाद, बरेली, उत्तर प्रदेश - 243501",491,2006,0,/nvs-school/up/bareilly
bulandshahr,"PM-SHRI Jawahar Navodaya Vidyalaya Buklana, Bulandshahr, Uttar Pradesh - 203403",RO-PUNE,PUNE,24,Near Bugrasi Village - Buklana - 203403,"पीएम-श्री जवाहर नवोदय विद्यालय बुकलाना, बुलंदशहर, उत्तर प्रदेश - 203403",492,1986,0,/nvs-school/up/bulandshahr
af,"PM-SHRI Jawahar Navodaya Vidyalaya Dabhasemar, Ayodhya (Faizabad), Uttar Pradesh - 224133",RO-PUNE,PUNE,24,Masodha Block Office - DABHASEMAR - 224133,"पीएम-श्री जवाहर नवोदय विद्यालय दभासेमर, अयोध्या (फैजाबाद), उत्तर प्रदेश - 224133",493,1986,0,/nvs-school/up/af
gorakhpur,"PM-SHRI Jawahar Navodaya Vidyalaya Jangal Agahi, Gorakhpur, Uttar Pradesh - 273165",RO-PUNE,PUNE,24,1 kilometer north of  Jangal Bihuli (Bhawal) Pipiganj bypass - JANGAL AGAHI - 273165,"पीएम-श्री जवाहर नवोदय विद्यालय जंगल अगही, गोरखपुर, उत्तर प्रदेश - 273165",494,1986,0,/nvs-school/up/gorakhpur
jaunpur,"PM-SHRI Jawahar Navodaya Vidyalaya Katghar, Jaunpur, Uttar Pradesh - 222161",RO-PUNE,PUNE,24,NEAR BDM HOTEL - KATGHAR - 222161,"पीएम-श्री जवाहर नवोदय विद्यालय कटघर, जौनपुर, उत्तर प्रदेश - 222161",495,1986,0,/nvs-school/up/jaunpur
jhansi,"PM-SHRI Jawahar Navodaya Vidyalaya Baruasagar, Jhansi, Uttar Pradesh - 284201",RO-PUNE,PUNE,24,NEAR DIET BARUASAGAR - BARUASAGAR - 284201,"पीएम-श्री जवाहर नवोदय विद्यालय बरुआसागर, झांसी, उत्तर प्रदेश - 284201",496,1986,0,/nvs-school/up/jhansi
meerut,"PM-SHRI Jawahar Navodaya Vidyalaya Nawabgarhi , Meerut, Uttar Pradesh - 250342",RO-PUNE,PUNE,24,NEAR KOTAK MAHINDARA BANK - NAWABGARHI - 250342,"पीएम-श्री जवाहर नवोदय विद्यालय नवाबगढ़ी, मेरठ, उत्तर प्रदेश - 250342",497,1986,0,/nvs-school/up/meerut
raebareli,"PM-SHRI Jawahar Navodaya Vidyalaya Bawan Bujurg Balla, Raebareli, Uttar Pradesh - 229306",RO-PUNE,PUNE,24,MAHRAJGANJ - BAWAN BUJURG BALLA - 229306,"पीएम-श्री जवाहर नवोदय विद्यालय बावन बुजुर्ग बल्ला, रायबरेली, उत्तर प्रदेश - 229306",498,1986,0,/nvs-school/up/raebareli
amethi,"PM-SHRI Jawahar Navodaya Vidyalaya Pachehari, Amethi, Uttar Pradesh - 227409",RO-PUNE,PUNE,24,FRONT OF POLICE LINE - PACHEHARI - 227409,"पीएम-श्री जवाहर नवोदय विद्यालय पचेहरी, अमेठी, उत्तर प्रदेश - 227409",499,1986,0,/nvs-school/up/amethi
azamgarh,"PM-SHRI Jawahar Navodaya Vidyalaya Jiyanpur, Azamgarh, Uttar Pradesh - 276140",RO-PUNE,PUNE,24,NEAR JIYANPUR CHC - JIYANPUR - 276140,"पीएम-श्री जवाहर नवोदय विद्यालय जीयनपुर, आजमगढ़, उत्तर प्रदेश - 276140",500,1988,0,/nvs-school/up/azamgarh
lalitpur,"PM-SHRI Jawahar Navodaya Vidyalaya Dailwara, Lalitpur, Uttar Pradesh - 284403",RO-PUNE,PUNE,24,JAKHAURA ROAD - DAILWARA - 284403,"पीएम-श्री जवाहर नवोदय विद्यालय दैलवारा, ललितपुर, उत्तर प्रदेश - 284403",501,1988,0,/nvs-school/up/lalitpur
farrukhabad,"PM-SHRI Jawahar Navodaya Vidyalaya Rohilla, Farrukhabad, Uttar Pradesh - 209651",RO-PUNE,PUNE,24,NEAR GALLA MANDI - ROHILLA - 209651,"पीएम-श्री जवाहर नवोदय विद्यालय रोहिल्ला, फर्रुखाबाद, उत्तर प्रदेश - 209651",502,1989,0,/nvs-school/up/farrukhabad
mirzapur,"PM-SHRI Jawahar Navodaya Vidyalaya Pateharakalan, Mirzapur, Uttar Pradesh - 231309",RO-PUNE,PUNE,24,NEAR BY DIET MIRZAPUR - PATEHARAKALAN - 231309,"पीएम-श्री जवाहर नवोदय विद्यालय पटेहराकलां, मिर्जापुर, उत्तर प्रदेश - 231309",503,1987,0,/nvs-school/up/mirzapur
bahraich,"PM-SHRI Jawahar Navodaya Vidyalaya Kirtanpur, Bahraich, Uttar Pradesh - 271825",RO-PUNE,PUNE,24,OPOSITE INDIAN PETROL PUMP - KIRTANPUR - 271825,"पीएम-श्री जवाहर नवोदय विद्यालय कीर्तनपुर, बहराइच, उत्तर प्रदेश - 271825",504,1987,0,/nvs-school/up/bahraich
kn,"PM-SHRI Jawahar Navodaya Vidyalaya Sarsaul, Kanpur Nagar, Uttar Pradesh - 209402",RO-PUNE,PUNE,24,NEAR A.I.T. COLLEGE - SARSAUL - 209402,"पीएम-श्री जवाहर नवोदय विद्यालय सरसौल, कानपुर नगर, उत्तर प्रदेश - 209402",505,1987,0,/nvs-school/up/kn
gonda,"PM-SHRI Jawahar Navodaya Vidyalaya Devoria, Gonda, Uttar Pradesh - 271302",RO-PUNE,PUNE,24,DEVORIA - DEVORIA - 271302,"पीएम-श्री जवाहर नवोदय विद्यालय देवोरिया, गोंडा, उत्तर प्रदेश - 271302",506,1988,0,/nvs-school/up/gonda
pa,"PM-SHRI Jawahar Navodaya Vidyalaya Meja Khas, Prayagraj (Allahabad), Uttar Pradesh - 212302",RO-PUNE,PUNE,24,MEJA KHAS - Meja khas - 212302,"पीएम-श्री जवाहर नवोदय विद्यालय मेजा खास, प्रयागराज (इलाहाबाद), उत्तर प्रदेश - 212302",507,1988,0,/nvs-school/up/pa
basti,"PM-SHRI Jawahar Navodaya Vidyalaya Bahadurpur, Basti, Uttar Pradesh - 272151",RO-PUNE,PUNE,24,"FIRE STATION, BAKHIRA ROAD, SURWAR-RUDHAULI, BASTI - BAHADURPUR - 272151","पीएम-श्री जवाहर नवोदय विद्यालय बहादुरपुर, बस्ती, उत्तर प्रदेश - 272151",508,1988,0,/nvs-school/up/basti
mathura,"PM-SHRI Jawahar Navodaya Vidyalaya Paigaon, Mathura, Uttar Pradesh - 281401",RO-PUNE,PUNE,24,NEAR B.D.M COLLEGE PAIGAON - PAIGAON - 281401,"पीएम-श्री जवाहर नवोदय विद्यालय पैगांव, मथुरा, उत्तर प्रदेश - 281401",509,1988,0,/nvs-school/up/mathura
gbn,"PM-SHRI Jawahar Navodaya Vidyalaya Dhoom Manik Pur, G B Nagar, Uttar Pradesh - 203207",RO-PUNE,PUNE,24,NEAR BY PAAS - DHOOM MANIK PUR - 203207,"पीएम-श्री जवाहर नवोदय विद्यालय धूम मानिक पुर, जीबी नगर, उत्तर प्रदेश - 203207",510,1987,0,/nvs-school/up/gbn
sitapur1,"PM-SHRI Jawahar Navodaya Vidyalaya Khairabad, Sitapur-I, Uttar Pradesh - 261131",RO-PUNE,PUNE,24,NEAR BLOCK - KHAIRABAD - 261131,"पीएम-श्री जवाहर नवोदय विद्यालय खैराबाद, सीतापुर-I, उत्तर प्रदेश - 261131",511,1988,0,/nvs-school/up/sitapur1
agra,"PM-SHRI Jawahar Navodaya Vidyalaya Kolara Kalan, Agra, Uttar Pradesh - 283111",RO-PUNE,PUNE,24,NEAR SBI KOLARA KALAN - KOLARA KALAN - 283111,"पीएम-श्री जवाहर नवोदय विद्यालय कोलारा कलां, आगरा, उत्तर प्रदेश - 283111",512,1987,0,/nvs-school/up/agra
unnao,"PM-SHRI Jawahar Navodaya Vidyalaya Rajeevpuram, Unnao, Uttar Pradesh - 209871",RO-PUNE,PUNE,24,NEAR PTC - RAJEEVPURAM - 209871,"पीएम-श्री जवाहर नवोदय विद्यालय राजीवपुरम, उन्नाव, उत्तर प्रदेश - 209871",513,1986,0,/nvs-school/up/unnao
muzaffarnagar,"PM-SHRI Jawahar Navodaya Vidyalaya Baghra, Muzaffarnagar, Uttar Pradesh - 251306",RO-PUNE,PUNE,24,NEAR PULISH CHAUKI - BAGHRA - 251306,"पीएम-श्री जवाहर नवोदय विद्यालय बघरा, मुजफ्फरनगर, उत्तर प्रदेश - 251306",514,1988,0,/nvs-school/up/muzaffarnagar
ballia,"PM-SHRI Jawahar Navodaya Vidyalaya Sinhachwar, Ballia, Uttar Pradesh - 221701",RO-PUNE,PUNE,24,"SINHACHWAR, CHHATI BALLIA TO MAU ROAD - SINHACHWAR - 221701","पीएम-श्री जवाहर नवोदय विद्यालय सिंहाचवर, बलिया, उत्तर प्रदेश - 221701",515,1986,0,/nvs-school/up/ballia
bhadohi,"PM-SHRI Jawahar Navodaya Vidyalaya Jorai, Bhadohi, Uttar Pradesh - 221304",RO-PUNE,PUNE,24,BESIDE BASIC SHIKSHA ADHIKARI OFFICE BHADOHI - JORAI - 221304,"पीएम-श्री जवाहर नवोदय विद्यालय जोरई, भदोही, उत्तर प्रदेश - 221304",516,1991,0,/nvs-school/up/bhadohi
kushinagar,"PM-SHRI Jawahar Navodaya Vidyalaya Milki Rasulpur, Kushinagar, Uttar Pradesh - 274309",RO-PUNE,PUNE,24,MILKI RASULPUR - MILKI RASULPUR - 274309,"पीएम-श्री जवाहर नवोदय विद्यालय मिल्की रसूलपुर, कुशीनगर, उत्तर प्रदेश - 274309",517,1991,0,/nvs-school/up/kushinagar
etah,"PM-SHRI Jawahar Navodaya Vidyalaya Begaur, Etah, Uttar Pradesh - 207001",RO-PUNE,PUNE,24,BEGAUR - BEGAUR - 207001,"पीएम-श्री जवाहर नवोदय विद्यालय बेगौर, एटा, उत्तर प्रदेश - 207001",518,1991,0,/nvs-school/up/etah
ghazipur,"PM-SHRI Jawahar Navodaya Vidyalaya Near Police Line, Ghazipur, Uttar Pradesh - 233001",RO-PUNE,PUNE,24,NEAR POLICE LINE - NEAR POLICE LINE - 233001,"पीएम-श्री जवाहर नवोदय विद्यालय पुलिस लाइन के पास, गाजीपुर, उत्तर प्रदेश - 233001",519,1991,0,/nvs-school/up/ghazipur
hardoi,"PM-SHRI Jawahar Navodaya Vidyalaya Itara, Hardoi, Uttar Pradesh - 241406",RO-PUNE,PUNE,24,NEAR FCI GODAN - ITARA - 241406,"पीएम-श्री जवाहर नवोदय विद्यालय इटारा, हरदोई, उत्तर प्रदेश - 241406",520,1991,0,/nvs-school/up/hardoi
mau,"PM-SHRI Jawahar Navodaya Vidyalaya Mahuar Kasara , Mau, Uttar Pradesh - 275102",RO-PUNE,PUNE,24,NEAR INDARA RAILWAY STATION - MAHUAR KASARA - 275102,"पीएम-श्री जवाहर नवोदय विद्यालय महुआर कसारा, मऊ, उत्तर प्रदेश - 275102",521,1992,0,/nvs-school/up/mau
barabanki,"PM-SHRI Jawahar Navodaya Vidyalaya Sonikpur, Barabanki, Uttar Pradesh - 225126",RO-PUNE,PUNE,24,"vill- sonikpur,Barabanki - SONIKPUR - 225126","पीएम-श्री जवाहर नवोदय विद्यालय सोनिकपुर, बाराबंकी, उत्तर प्रदेश - 225126",522,1992,0,/nvs-school/up/barabanki
bijnore,"PM-SHRI Jawahar Navodaya Vidyalaya Saindwar, Bijnore, Uttar Pradesh - 246725",RO-PUNE,PUNE,24,NEAR DATTIYANA ROAD VILLAGE SAINDWAR - SAINDWAR - 246725,"पीएम-श्री जवाहर नवोदय विद्यालय सैंदवार, बिजनौर, उत्तर प्रदेश - 246725",523,1992,0,/nvs-school/up/bijnore
aligarh,"PM-SHRI Jawahar Navodaya Vidyalaya Sujanpur, Aligarh, Uttar Pradesh - 202141",RO-PUNE,PUNE,24,GAUMAT CHOWK - SUJANPUR - 202141,"पीएम-श्री जवाहर नवोदय विद्यालय सुजानपुर, अलीगढ़, उत्तर प्रदेश - 202141",524,2000,0,/nvs-school/up/aligarh
hamirpur,"PM-SHRI Jawahar Navodaya Vidyalaya Rath, Hamirpur, Uttar Pradesh - 210431",RO-PUNE,PUNE,24,ORAI ROAD RATH - Rath - 210431,"पीएम-श्री जवाहर नवोदय विद्यालय राठ, हमीरपुर, उत्तर प्रदेश - 210431",525,2006,0,/nvs-school/up/hamirpur
mainpuri,"PM-SHRI Jawahar Navodaya Vidyalaya Ahmedpur, Mainpuri, Uttar Pradesh - 205262",RO-PUNE,PUNE,24,NEAR POWER HOUSE - AHMEDPUR - 205262,"पीएम-श्री जवाहर नवोदय विद्यालय अहमदपुर, मैनपुरी, उत्तर प्रदेश - 205262",526,1992,0,/nvs-school/up/mainpuri
etawah,"PM-SHRI Jawahar Navodaya Vidyalaya Samhon, Etawah, Uttar Pradesh - 206242",RO-PUNE,PUNE,24,NEAR SAMHON RAILWAY STATION - SAMHON - 206242,"पीएम-श्री जवाहर नवोदय विद्यालय साम्हों, इटावा, उत्तर प्रदेश - 206242",527,1993,0,/nvs-school/up/etawah
siddharthnagar,"PM-SHRI Jawahar Navodaya Vidyalaya Basantpur, Siddharthnagar, Uttar Pradesh - 272153",RO-PUNE,PUNE,24,CHC BASANTPUR - BASANTPUR - 272153,"पीएम-श्री जवाहर नवोदय विद्यालय बसंतपुर, सिद्धार्थनगर, उत्तर प्रदेश - 272153",528,1993,0,/nvs-school/up/siddharthnagar
firozabad,"PM-SHRI Jawahar Navodaya Vidyalaya Guraiya Soyalpur, Firozabad, Uttar Pradesh - 283151",RO-PUNE,PUNE,24,NEAR SIRSAGANJ - GURAIYA SOYALPUR - 283151,"पीएम-श्री जवाहर नवोदय विद्यालय गुरैया सोयलपुर, फिरोजाबाद, उत्तर प्रदेश - 283151",529,1994,0,/nvs-school/up/firozabad
sambhal,"PM-SHRI Jawahar Navodaya Vidyalaya Rasoolpur, Sambhal, Uttar Pradesh - 243722",RO-PUNE,PUNE,24,NEAR GUNNAUR BUS STAND - RASOOLPUR - 243722,"पीएम-श्री जवाहर नवोदय विद्यालय रसूलपुर, संभल, उत्तर प्रदेश - 243722",530,1995,0,/nvs-school/up/sambhal
jalaun,"PM-SHRI Jawahar Navodaya Vidyalaya Sarsoki, Jalaun, Uttar Pradesh - 285001",RO-PUNE,PUNE,24,KALPI ROAD - SARSOKI - 285001,"पीएम-श्री जवाहर नवोदय विद्यालय सरसोकी, जालौन, उत्तर प्रदेश - 285001",531,1999,0,/nvs-school/up/jalaun
kd,"PM-SHRI Jawahar Navodaya Vidyalaya Jalalpur , Kanpur Dehat, Uttar Pradesh - 209311",RO-PUNE,PUNE,24,Near Kendriya Vidyalaya - JALALPUR - 209311,"पीएम-श्री जवाहर नवोदय विद्यालय जलालपुर, कानपुर देहात, उत्तर प्रदेश - 209311",532,1999,0,/nvs-school/up/kd
maharajganj,"PM-SHRI Jawahar Navodaya Vidyalaya Maharajganj, Maharajganj, Uttar Pradesh - 273303",RO-PUNE,PUNE,24,POLICE LINE - MAHARAJGANJ - 273303,"पीएम-श्री जवाहर नवोदय विद्यालय महाराजगंज, महाराजगंज, उत्तर प्रदेश - 273303",533,2000,0,/nvs-school/up/maharajganj
pilibhit,"PM-SHRI Jawahar Navodaya Vidyalaya Shivpuri, Pilibhit, Uttar Pradesh - 262001",RO-PUNE,PUNE,24,SHIVPURI - SHIVPURI - 262001,"पीएम-श्री जवाहर नवोदय विद्यालय शिवपुरी, पीलीभीत, उत्तर प्रदेश - 262001",534,1999,0,/nvs-school/up/pilibhit
pratapgarh,"PM-SHRI Jawahar Navodaya Vidyalaya Narayanpur, Pratapgarh, Uttar Pradesh - 230144",RO-PUNE,PUNE,24,NARAYANPUR NAUBASTA - NARAYANPUR - 230144,"पीएम-श्री जवाहर नवोदय विद्यालय नारायणपुर, प्रतापगढ़, उत्तर प्रदेश - 230144",535,1999,0,/nvs-school/up/pratapgarh
shahjahanpur,"PM-SHRI Jawahar Navodaya Vidyalaya Hathura Bujurg, Shahjahanpur, Uttar Pradesh - 242306",RO-PUNE,PUNE,24,NEAR DEORIA POLICE CHOWKI - HATHURA BUJURG - 242306,"पीएम-श्री जवाहर नवोदय विद्यालय हथुरा बुजुर्ग, शाहजहांपुर, उत्तर प्रदेश - 242306",536,2000,0,/nvs-school/up/shahjahanpur
baghpat,"PM-SHRI Jawahar Navodaya Vidyalaya Sharfabad , Baghpat, Uttar Pradesh - 250101",RO-PUNE,PUNE,24,NEAR DHAULI PYAU - SHARFABAD - 250101,"पीएम-श्री जवाहर नवोदय विद्यालय शरफाबाद, बागपत, उत्तर प्रदेश - 250101",537,2001,0,/nvs-school/up/baghpat
fatehpur,"PM-SHRI Jawahar Navodaya Vidyalaya Sarkandi , Fatehpur, Uttar Pradesh - 212635",RO-PUNE,PUNE,24,BINDKI - SARKANDI - 212635,"पीएम-श्री जवाहर नवोदय विद्यालय सरकंडी, फतेहपुर, उत्तर प्रदेश - 212635",538,2000,0,/nvs-school/up/fatehpur
jpn,"PM-SHRI Jawahar Navodaya Vidyalaya Baseda Taga, J P Nagar, Uttar Pradesh - 244501",RO-PUNE,PUNE,24,VILLAGE BASEDA TAGA - BASEDA TAGA - 244501,"पीएम-श्री जवाहर नवोदय विद्यालय बसेड़ा तगा, जेपी नगर, उत्तर प्रदेश - 244501",539,1986,0,/nvs-school/up/jpn
hathras,"PM-SHRI Jawahar Navodaya Vidyalaya Agsauli, Hathras, Uttar Pradesh - 204211",RO-PUNE,PUNE,24,"SIKANDRA RAO KASGANJ ROAD,AGSAULI,  NEAR PANCHON MANDIR - AGSAULI - 204211","पीएम-श्री जवाहर नवोदय विद्यालय अगसौली, हाथरस, उत्तर प्रदेश - 204211",540,1993,0,/nvs-school/up/hathras
lucknow,"PM-SHRI Jawahar Navodaya Vidyalaya Piparsand, Lucknow, Uttar Pradesh - 226008",RO-PUNE,PUNE,24,Near Piparsand Rly Station Lucknow - PIPARSAND - 226008,"पीएम-श्री जवाहर नवोदय विद्यालय पिपरसंड, लखनऊ, उत्तर प्रदेश - 226008",541,2003,0,/nvs-school/up/lucknow
saharanpur,"PM-SHRI Jawahar Navodaya Vidyalaya Mirzapur-Ambehta Chand , Saharanpur, Uttar Pradesh - 247451",RO-PUNE,PUNE,24,NEAR RAMPUR MANIHARAN - MIRZAPUR-AMBEHTA CHAND - 247451,"पीएम-श्री जवाहर नवोदय विद्यालय मिर्जापुर-अंबेहटा चांद, सहारनपुर, उत्तर प्रदेश - 247451",542,2001,0,/nvs-school/up/saharanpur
chitrakoot,"PM-SHRI Jawahar Navodaya Vidyalaya Manikpur, Chitrakoot, Uttar Pradesh - 210208",RO-PUNE,PUNE,24,Near Kalyankendra chauraha - MANIKPUR - 210208,"पीएम-श्री जवाहर नवोदय विद्यालय मानिकपुर, चित्रकूट, उत्तर प्रदेश - 210208",543,2001,0,/nvs-school/up/chitrakoot
lk,"PM-SHRI Jawahar Navodaya Vidyalaya Mitauli, Lakhimpur Kheri, Uttar Pradesh - 262727",RO-PUNE,PUNE,24,MITAULI TO MAINAHAN ROAD - MITAULI - 262727,"पीएम-श्री जवाहर नवोदय विद्यालय मितौली, लखीमपुर खीरी, उत्तर प्रदेश - 262727",544,2001,0,/nvs-school/up/lk
varanasi,"PM-SHRI Jawahar Navodaya Vidyalaya Gajokhar, Varanasi, Uttar Pradesh - 221206",RO-PUNE,PUNE,24,NEAR BY KHALISPUR RAILWAY STAION - GAJOKHAR - 221206,"पीएम-श्री जवाहर नवोदय विद्यालय गजोखर, वाराणसी, उत्तर प्रदेश - 221206",545,2002,0,/nvs-school/up/varanasi
chandauli,"PM-SHRI Jawahar Navodaya Vidyalaya Bairath, Chandauli, Uttar Pradesh - 232107",RO-PUNE,PUNE,24,NEAR KINARAM BABA TEMPLE - BAIRATH - 232107,"पीएम-श्री जवाहर नवोदय विद्यालय बैराठ, चंदौली, उत्तर प्रदेश - 232107",546,2002,0,/nvs-school/up/chandauli
kaushambi,"PM-SHRI Jawahar Navodaya Vidyalaya Tewa, Kaushambi, Uttar Pradesh - 212207",RO-PUNE,PUNE,24,TEWA MARKET - TEWA - 212207,"पीएम-श्री जवाहर नवोदय विद्यालय तेवा, कौशाम्बी, उत्तर प्रदेश - 212207",547,2003,0,/nvs-school/up/kaushambi
auraiya,"PM-SHRI Jawahar Navodaya Vidyalaya Taiyyapur, Auraiya, Uttar Pradesh - 206244",RO-PUNE,PUNE,24,DIBIYAPUR SAHAYAL ROAD - TAIYYAPUR - 206244,"पीएम-श्री जवाहर नवोदय विद्यालय तैय्यापुर, औरैया, उत्तर प्रदेश - 206244",548,2002,0,/nvs-school/up/auraiya
balrampur,"PM-SHRI Jawahar Navodaya Vidyalaya Ghooghulpur, Balrampur, Uttar Pradesh - 271201",RO-PUNE,PUNE,24,"ORAHAJHAR, BALRAMPUR BAHRAICH ROAD - GHOOGHULPUR - 271201","पीएम-श्री जवाहर नवोदय विद्यालय घूघुलपुर, बलरामपुर, उत्तर प्रदेश - 271201",549,2002,0,/nvs-school/up/balrampur
moradabad,"PM-SHRI Jawahar Navodaya Vidyalaya Kalewala, Moradabad, Uttar Pradesh - 244601",RO-PUNE,PUNE,24,NEAR RAMUWALA CHAURAHA - KALEWALA - 244601,"पीएम-श्री जवाहर नवोदय विद्यालय कालेवाला, मुरादाबाद, उत्तर प्रदेश - 244601",550,2003,0,/nvs-school/up/moradabad
sonebhadra,"PM-SHRI Jawahar Navodaya Vidyalaya Bahuar, Sonebhadra, Uttar Pradesh - 231216",RO-PUNE,PUNE,24,CHC BASANTPUR - BAHUAR - 231216,"पीएम-श्री जवाहर नवोदय विद्यालय बहुआर, सोनभद्र, उत्तर प्रदेश - 231216",551,2003,0,/nvs-school/up/sonebhadra
skn,"PM-SHRI Jawahar Navodaya Vidyalaya Jagdishpur Gaura, Sant Kabir Nagar, Uttar Pradesh - 272164",RO-PUNE,PUNE,24,NEAR POWER HOUSE  JAGDISHPUR GAURA - JAGDISHPUR GAURA - 272164,"पीएम-श्री जवाहर नवोदय विद्यालय जगदीशपुर गौरा, संत कबीर नगर, उत्तर प्रदेश - 272164",552,2003,0,/nvs-school/up/skn
kannauj,"PM-SHRI Jawahar Navodaya Vidyalaya Anaugi, Kannauj, Uttar Pradesh - 209733",RO-PUNE,PUNE,24,NEAR CHC JALALABAD - Anaugi - 209733,"पीएम-श्री जवाहर नवोदय विद्यालय अनौगी, कन्नौज, उत्तर प्रदेश - 209733",553,2003,0,/nvs-school/up/kannauj
banda,"PM-SHRI Jawahar Navodaya Vidyalaya Durendi, Banda, Uttar Pradesh - 210001",RO-PUNE,PUNE,24,NEAR EKLAVYA MAHAVIDYALAYA - DURENDI - 210001,"पीएम-श्री जवाहर नवोदय विद्यालय दुरेंडी, बांदा, उत्तर प्रदेश - 210001",554,2004,0,/nvs-school/up/banda
ghaziabad,"PM-SHRI Jawahar Navodaya Vidyalaya Amirpur Badalya Kalchhina, Ghaziabad, Uttar Pradesh - 245304",RO-PUNE,PUNE,24,TOLL PLAZA PILKHUA - AMIRPUR BADALYA KALCHHINA - 245304,"पीएम-श्री जवाहर नवोदय विद्यालय अमीरपुर बडाल्या कलछीना, गाजियाबाद, उत्तर प्रदेश - 245304",555,2006,0,/nvs-school/up/ghaziabad
mahoba,"PM-SHRI Jawahar Navodaya Vidyalaya Ramnagar, Mahoba, Mahoba, Uttar Pradesh - 210427",RO-PUNE,PUNE,24,"IFO  BSNL TOWER RATH ROAD, MAHOBA - RAMNAGAR, MAHOBA - 210427","पीएम-श्री जवाहर नवोदय विद्यालय रामनगर, महोबा, महोबा, उत्तर प्रदेश - 210427",556,1993,0,/nvs-school/up/mahoba
an,"PM-SHRI Jawahar Navodaya Vidyalaya Afzalpur, Ambedkar Nagar, Uttar Pradesh - 224122",RO-PUNE,PUNE,24,JAIGURUDEV AASHRAM - AFZALPUR - 224122,"पीएम-श्री जवाहर नवोदय विद्यालय अफजलपुर, अंबेडकर नगर, उत्तर प्रदेश - 224122",557,2007,0,/nvs-school/up/an
shrawasti,"PM-SHRI Jawahar Navodaya Vidyalaya Shamharpurwa, Shrawasti, Uttar Pradesh - 271831",RO-PUNE,PUNE,24,NEAR PETROL PUMP - SHAMHARPURWA - 271831,"पीएम-श्री जवाहर नवोदय विद्यालय शमहारपुरवा, श्रावस्ती, उत्तर प्रदेश - 271831",558,2008,0,/nvs-school/up/shrawasti
deoria,"PM-SHRI Jawahar Navodaya Vidyalaya Mehada Purva, Deoria, Uttar Pradesh - 274001",RO-PUNE,PUNE,24,Behind BRD PG COLLEGE - MEHADA PURVA - 274001,"पीएम-श्री जवाहर नवोदय विद्यालय मेहदा पुरवा, देवरिया, उत्तर प्रदेश - 274001",559,2015,0,/nvs-school/up/deoria
rampur,"PM-SHRI Jawahar Navodaya Vidyalaya Kira, Rampur, Uttar Pradesh - 244901",RO-PUNE,PUNE,24,NEAR VILLAG KIRA - KIRA - 244901,"पीएम-श्री जवाहर नवोदय विद्यालय किरा, रामपुर, उत्तर प्रदेश - 244901",560,2018,0,/nvs-school/up/rampur
sitapur2,"PM-SHRI Jawahar Navodaya Vidyalaya Hardaurpur , Sitapur-II, Uttar Pradesh - 261141",RO-PUNE,PUNE,24,NEAR SARAURA VILLAGE - HARDAURPUR - 261141,"पीएम-श्री जवाहर नवोदय विद्यालय हरदौरपुर, सीतापुर-II, उत्तर प्रदेश - 261141",561,2012,0,/nvs-school/up/sitapur2
shamli,"PM-SHRI Jawahar Navodaya Vidyalaya Bhainswal, Shamli, Uttar Pradesh - 247776",RO-PUNE,PUNE,24,NEAR DM QUARTER - BHAINSWAL - 247776,"पीएम-श्री जवाहर नवोदय विद्यालय भैंसवाल, शामली, उत्तर प्रदेश - 247776",562,2017,0,/nvs-school/up/shamli
kasganj,"PM-SHRI Jawahar Navodaya Vidyalaya Thara Chitra, Kasganj, Uttar Pradesh - 207241",RO-PUNE,PUNE,24,AMANPUR SAHAWAR - THARA CHITRA - 207241,"पीएम-श्री जवाहर नवोदय विद्यालय थारा चित्रा, कासगंज, उत्तर प्रदेश - 207241",563,2017,0,/nvs-school/up/kasganj
badayun,"PM-SHRI Jawahar Navodaya Vidyalaya Sikri, Badayun, Uttar Pradesh - 243632",RO-PUNE,PUNE,24,Near Asafpur Railway Station - SIKRI - 243632,"पीएम-श्री जवाहर नवोदय विद्यालय सिकरी, बदायूं, उत्तर प्रदेश - 243632",564,2017,0,/nvs-school/up/badayun
sultanpur,"PM-SHRI Jawahar Navodaya Vidyalaya Pakarpur, Sultanpur, Uttar Pradesh - 228161",RO-PUNE,PUNE,24,SARAIRANI PAKARPUR - PAKARPUR - 228161,"पीएम-श्री जवाहर नवोदय विद्यालय पकरपुर, सुल्तानपुर, उत्तर प्रदेश - 228161",565,2019,0,/nvs-school/up/sultanpur
hapur,"Jawahar Navodaya Vidyalaya Nawada, Hapur, Uttar Pradesh - 245101",RO-PUNE,PUNE,24,GHUNGRALA ROAD - NAWADA - 245101,"जवाहर नवोदय विद्यालय नवादा, हापुड़, उत्तर प्रदेश - 245101",566,2021,0,/nvs-school/up/hapur
bilaspur,"PM-SHRI Jawahar Navodaya Vidyalaya Malhar, Bilaspur, Chhattisgarh - 495551",RO-SHILLONG,SHILLONG,25,MALHAR - MALHAR - 495551,"पीएम-श्री जवाहर नवोदय विद्यालय मल्हार, बिलासपुर, छत्तीसगढ़ - 495551",567,1987,0,/nvs-school/cg/bilaspur
dantewada,"PM-SHRI Jawahar Navodaya Vidyalaya Barsoor, Dantewada, Chhattisgarh - 494441",RO-SHILLONG,SHILLONG,25,NIL - BARSOOR - 494441,"पीएम-श्री जवाहर नवोदय विद्यालय बारसूर, दंतेवाड़ा, छत्तीसगढ़ - 494441",568,1993,0,/nvs-school/cg/dantewada
durg,"PM-SHRI Jawahar Navodaya Vidyalaya Borai, Durg, Chhattisgarh - 491001",RO-SHILLONG,SHILLONG,25,DAMODA ROAD NAGPURA - BORAI - 491001,"पीएम-श्री जवाहर नवोदय विद्यालय बोरई, दुर्ग, छत्तीसगढ़ - 491001",569,1987,0,/nvs-school/cg/durg
raigarh,"PM-SHRI Jawahar Navodaya Vidyalaya Bhupdevpur , Raigarh, Chhattisgarh - 496661",RO-SHILLONG,SHILLONG,25,LODHAJHAR BHUPDEVPUR - BHUPDEVPUR - 496661,"पीएम-श्री जवाहर नवोदय विद्यालय भूपदेवपुर, रायगढ़, छत्तीसगढ़ - 496661",570,1992,0,/nvs-school/cg/raigarh
raipur,"PM-SHRI Jawahar Navodaya Vidyalaya Mana, Raipur, Chhattisgarh - 492015",RO-SHILLONG,SHILLONG,25,AIRPORT ROAD MANA CAMP - MANA - 492015,"पीएम-श्री जवाहर नवोदय विद्यालय माना, रायपुर, छत्तीसगढ़ - 492015",571,1986,0,/nvs-school/cg/raipur
rajnandgaon,"PM-SHRI Jawahar Navodaya Vidyalaya Dongargarh, Rajnandgaon, Chhattisgarh - 491445",RO-SHILLONG,SHILLONG,25,"VILLAGE  BADHIYATOLA, DONGARARH - DONGARGARH - 491445","पीएम-श्री जवाहर नवोदय विद्यालय डोंगरगढ़, राजनांदगांव, छत्तीसगढ़ - 491445",572,1987,0,/nvs-school/cg/rajnandgaon
surajpur,"PM-SHRI Jawahar Navodaya Vidyalaya Basdei, Surajpur, Chhattisgarh - 497231",RO-SHILLONG,SHILLONG,25,NEAR RAILWAY STATION - BASDEI - 497231,"पीएम-श्री जवाहर नवोदय विद्यालय बसदेई, सूरजपुर, छत्तीसगढ़ - 497231",573,1993,0,/nvs-school/cg/surajpur
mahasamund,"PM-SHRI Jawahar Navodaya Vidyalaya Chhindpali, Mahasamund, Chhattisgarh - 493558",RO-SHILLONG,SHILLONG,25,NEAR BY NH 53 ROAD - CHHINDPALI - 493558,"पीएम-श्री जवाहर नवोदय विद्यालय छिंदपाली, महासमुंद, छत्तीसगढ़ - 493558",574,2000,0,/nvs-school/cg/mahasamund
sjc,"PM-SHRI Jawahar Navodaya Vidyalaya Chisda, Sakti (Janjgir Champa), Chhattisgarh - 495661",RO-SHILLONG,SHILLONG,25,NEAR KASTURBA GANDHI BALIKA VIDYALAYA CHISDA - CHISDA - 495661,"पीएम-श्री जवाहर नवोदय विद्यालय चिस्दा, शक्ति (जांजगीर चपा), छत्तीसगढ़ - 495661",575,2002,0,/nvs-school/cg/sjc
korba,"PM-SHRI Jawahar Navodaya Vidyalaya Salora, Korba, Chhattisgarh - 495445",RO-SHILLONG,SHILLONG,25,NEAR BAKRA BAZAR - SALORA - 495445,"पीएम-श्री जवाहर नवोदय विद्यालय सलोरा, कोरबा, छत्तीसगढ़ - 495445",576,2001,0,/nvs-school/cg/korba
dhamtari,"PM-SHRI Jawahar Navodaya Vidyalaya Kurud, Dhamtari, Chhattisgarh - 493663",RO-SHILLONG,SHILLONG,25,NEAR CIVIL COURT - KURUD - 493663,"पीएम-श्री जवाहर नवोदय विद्यालय कुरुद, धमतरी, छत्तीसगढ़ - 493663",577,2004,0,/nvs-school/cg/dhamtari
bastar,"PM-SHRI Jawahar Navodaya Vidyalaya Dharampura-2, Bastar, Chhattisgarh - 494001",RO-SHILLONG,SHILLONG,25,BEHIND P.G. COLLEGE - DHARAMPURA-2 - 494001,"पीएम-श्री जवाहर नवोदय विद्यालय धरमपुरा-2, बस्तर, छत्तीसगढ़ - 494001",578,2005,0,/nvs-school/cg/bastar
kanker,"PM-SHRI Jawahar Navodaya Vidyalaya Karap, Kanker, Chhattisgarh - 494335",RO-SHILLONG,SHILLONG,25,NEAR KARAP VILLAGE - KARAP - 494335,"पीएम-श्री जवाहर नवोदय विद्यालय कराप, कांकेर, छत्तीसगढ़ - 494335",579,2006,0,/nvs-school/cg/kanker
korea,"PM-SHRI Jawahar Navodaya Vidyalaya Kenapara, Korea, Chhattisgarh - 497335",RO-SHILLONG,SHILLONG,25,MUKTIDHAM KENAPARA - KENAPARA - 497335,"पीएम-श्री जवाहर नवोदय विद्यालय केनापारा, कोरिया, छत्तीसगढ़ - 497335",580,2006,0,/nvs-school/cg/korea
jashpur,"PM-SHRI Jawahar Navodaya Vidyalaya Dhodhidand, Jashpur, Chhattisgarh - 496225",RO-SHILLONG,SHILLONG,25,"GOVT. MIDDLE SCHOOL DHODHIDAND, JASHPUR(C.G.) - DHODHIDAND - 496225","पीएम-श्री जवाहर नवोदय विद्यालय धोधीडांड, जशपुर, छत्तीसगढ़ - 496225",581,2006,0,/nvs-school/cg/jashpur
kabirdham,"PM-SHRI Jawahar Navodaya Vidyalaya Udiyakala , Kabirdham, Chhattisgarh - 491995",RO-SHILLONG,SHILLONG,25,UDIYAKALA - UDIYAKALA - 491995,"पीएम-श्री जवाहर नवोदय विद्यालय उड़ियाकला, कबीरधाम, छत्तीसगढ़ - 491995",582,2006,0,/nvs-school/cg/kabirdham
sukma2,"PM-SHRI Jawahar Navodaya Vidyalaya Sukma, Sukma - II, Chhattisgarh - 494111",RO-SHILLONG,SHILLONG,25,NEAR DISTRICT COLLECTRATE AND DISTRICT HOSPITAL - SUKMA - 494111,"पीएम-श्री जवाहर नवोदय विद्यालय सुकमा, सुकमा - II, छत्तीसगढ़ - 494111",583,2009,0,/nvs-school/cg/sukma2
bb,"PM-SHRI Jawahar Navodaya Vidyalaya Lawan, Baloda Bazar, Chhattisgarh - 493526",RO-SHILLONG,SHILLONG,25,NEAR GOVT. COLLEGE - LAWAN - 493526,"पीएम-श्री जवाहर नवोदय विद्यालय लवन, बलौदा बाजार, छत्तीसगढ़ - 493526",584,2017,0,/nvs-school/cg/bb
gariyaband,"PM-SHRI Jawahar Navodaya Vidyalaya Panduka, Gariyaband, Chhattisgarh - 492109",RO-SHILLONG,SHILLONG,25,NEAR GOVT. HIGHER SECONDARY SCHOOL - PANDUKA - 492109,"पीएम-श्री जवाहर नवोदय विद्यालय पांडुका, गरियाबंद, छत्तीसगढ़ - 492109",585,2017,0,/nvs-school/cg/gariyaband
balrampur,"PM-SHRI Jawahar Navodaya Vidyalaya Tangarmahri, Balrampur, Chhattisgarh - 497119",RO-SHILLONG,SHILLONG,25,NO - TANGARMAHRI - 497119,"पीएम-श्री जवाहर नवोदय विद्यालय टांगरमहरी, बलरामपुर, छत्तीसगढ़ - 497119",586,2017,0,/nvs-school/cg/balrampur
sarguja,"PM-SHRI Jawahar Navodaya Vidyalaya Khaliba, Sarguja, Chhattisgarh - 497001",RO-SHILLONG,SHILLONG,25,NEAR GOVT. HIGH SCHOOL KHALIBA - KHALIBA - 497001,"पीएम-श्री जवाहर नवोदय विद्यालय खलीबा, सरगुजा, छत्तीसगढ़ - 497001",587,2017,0,/nvs-school/cg/sarguja
mungeli,"PM-SHRI Jawahar Navodaya Vidyalaya Dabo, Mungeli, Chhattisgarh - 495334",RO-SHILLONG,SHILLONG,25,"DABO, PANDARIYA ROAD MUNGELI C.G. - DABO - 495334","पीएम-श्री जवाहर नवोदय विद्यालय दाबो, मुंगेली, छत्तीसगढ़ - 495334",588,2017,0,/nvs-school/cg/mungeli
sukma1,"PM-SHRI Jawahar Navodaya Vidyalaya Penta, Sukma - I, Chhattisgarh - 494122",RO-SHILLONG,SHILLONG,25,NEAR 223 CRPF BN DORNAPAL - PENTA - 494122,"पीएम-श्री जवाहर नवोदय विद्यालय पेंटा, सुकमा - I, छत्तीसगढ़ - 494122",589,2017,0,/nvs-school/cg/sukma1
bemetara,"PM-SHRI Jawahar Navodaya Vidyalaya Bahera, Bemetara, Chhattisgarh - 491335",RO-SHILLONG,SHILLONG,25,BAHERA - BAHERA - 491335,"पीएम-श्री जवाहर नवोदय विद्यालय बहेरा, बेमेतरा, छत्तीसगढ़ - 491335",590,2017,0,/nvs-school/cg/bemetara
balod,"PM-SHRI Jawahar Navodaya Vidyalaya Dudhli, Balod, Chhattisgarh - 491226",RO-SHILLONG,SHILLONG,25,NEAR MALIGHORI - DUDHLI - 491226,"पीएम-श्री जवाहर नवोदय विद्यालय दुधली, बालोद, छत्तीसगढ़ - 491226",591,2017,0,/nvs-school/cg/balod
narayanpur,"PM-SHRI Jawahar Navodaya Vidyalaya Binjli, Narayanpur, Chhattisgarh - 494661",RO-SHILLONG,SHILLONG,25,BINJLI-SUPGAON ROAD - BINJLI - 494661,"पीएम-श्री जवाहर नवोदय विद्यालय बिंजली, नारायणपुर, छत्तीसगढ़ - 494661",592,2017,0,/nvs-school/cg/narayanpur
kondagaon,"Jawahar Navodaya Vidyalaya Kondagaon, Kondagaon, Chhattisgarh - 494226",RO-SHILLONG,SHILLONG,25,VIKAS NAGAR STADIUM - KONDAGAON - 494226,"जवाहर नवोदय विद्यालय कोंडागांव, कोंडागांव, छत्तीसगढ़ - 494226",593,2017,0,/nvs-school/cg/kondagaon
bijapur,"PM-SHRI Jawahar Navodaya Vidyalaya Nukanpal Dhanora  Education City , Bijapur, Chhattisgarh - 494444",RO-SHILLONG,SHILLONG,25,EDUCATION CITY - NUKANPAL DHANORA  EDUCATION CITY - 494444,"पीएम-श्री जवाहर नवोदय विद्यालय नुकनपाल धनोरा एजुकेशन सिटी, बीजापुर, छत्तीसगढ़ - 494444",594,2017,0,/nvs-school/cg/bijapur
ncn,"PM-SHRI Jawahar Navodaya Vidyalaya Arong, Nicobar (Car Nicobar), UT Andaman & Nicobar - 744301",RO-HYDERABAD,HYDERABAD,26,"NEAR ANIMAL HUSBANDARY FARM, ARONG - ARONG - 744301","पीएम-श्री जवाहर नवोदय विद्यालय अरोंग, निकोबार (कार निकोबार), यूटी अंडमान और निकोबार - 744301",595,1987,0,/nvs-school/an/ncn
n&ma,"PM-SHRI Jawahar Navodaya Vidyalaya Panchawati, North & Middle Andaman, UT Andaman & Nicobar - 744205",RO-HYDERABAD,HYDERABAD,26,NEAR AGRICULTURE FARM PANCHAWATI - PANCHAWATI - 744205,"पीएम-श्री जवाहर नवोदय विद्यालय पंचवटी, उत्तर और मध्य अंडमान, यूटी अंडमान और निकोबार - 744205",596,1987,0,/nvs-school/an/nama
sa,"Jawahar Navodaya Vidyalaya Chouldari, South Andaman, UT Andaman & Nicobar - 744103",RO-HYDERABAD,HYDERABAD,26,BEHIND OF CHOULDARI COMMUNITY HALL - CHOULDARI - 744103,"जवाहर नवोदय विद्यालय चौलदारी, दक्षिण अंडमान, यूटी अंडमान और निकोबार - 744103",597,2017,0,/nvs-school/an/sa
chandigarh,"PM-SHRI Jawahar Navodaya Vidyalaya Sector 25 West, Chandigarh, UT Chandigarh - 160014",RO-JAIPUR,JAIPUR,27,Near Maharana Partap Hostel - SECTOR 25 WEST - 160014,"पीएम-श्री जवाहर नवोदय विद्यालय सेक्टर 25 पश्चिम, चंडीगढ़, यूटी चंडीगढ़ - 160014",598,1987,0,/nvs-school/ch/chandigarh
silvasa,"PM-SHRI Jawahar Navodaya Vidyalaya Sili, Silvasa, UT Dadra & Nagar Haveli And Daman & Diu - 396230",RO-LUCKNOW,LUCKNOW,28,NEAR . K. L. J. COMPANY - SILI - 396230,"पीएम-श्री जवाहर नवोदय विद्यालय सिली, सिलवासा, यूटी दादरा और नगर हवेली और दमन और दीव - 396230",599,1986,0,/nvs-school/dh/silvasa
daman,"PM-SHRI Jawahar Navodaya Vidyalaya Dunetha, Daman, UT Dadra & Nagar Haveli And Daman & Diu - 396210",RO-LUCKNOW,LUCKNOW,28,Near Village Panchayat - DUNETHA - 396210,"पीएम-श्री जवाहर नवोदय विद्यालय दुनेथा, दमन, यूटी दादरा और नगर हवेली और दमन और दीव - 396210",600,1988,0,/nvs-school/dh/daman
diu,"PM-SHRI Jawahar Navodaya Vidyalaya Bucharwada, Diu, UT Dadra & Nagar Haveli And Daman & Diu - 362570",RO-LUCKNOW,LUCKNOW,28,Near Bucharwada Village Panchayat - BUCHARWADA - 362570,"पीएम-श्री जवाहर नवोदय विद्यालय बुखारवाड़ा, दीव, यूटी दादरा और नगर हवेली और दमन और दीव - 362570",601,1987,0,/nvs-school/dh/diu
ud1,"Jawahar Navodaya Vidyalaya North West Delhi (Mungeshpur), UT Delhi- 110039",RO-MUMBAI,MUMBAI,29,110039,"जवाहर नवोदय विद्यालय मुंगेशपुर, शाहदरा, यूटी दिल्ली - 110039",602,,0,/nvs-school/dl/nwdm
swdjk,"PM-SHRI Jawahar Navodaya Vidyalaya Jaffarpur Kalan, South West Delhi (Jaffarpur Kalan), UT Delhi - 110073",RO-MUMBAI,MUMBAI,29,NEAR RAO TULA RAM HOSPITAL JAFFFARPUR KALAN - JAFFARPUR KALAN - 110073,"जवाहर नवोदय विद्यालय जाफरपुर कलां, पूर्वी दिल्ली, यूटी दिल्ली - 110073",603,1991,0,/nvs-school/dl/swdjk
ed,"Jawahar Navodaya Vidyalaya Jafffarpur Kalan , East Delhi, UT Delhi - 110073",RO-MUMBAI,MUMBAI,29,Near RTRM Hospital - JAFFFARPUR KALAN - 110073,"जवाहर नवोदय विद्यालय जाफरपुर कलां, पूर्वी दिल्ली, यूटी दिल्ली - 110073",604,2024,0,/nvs-school/dl/ed
shahdara,"Jawahar Navodaya Vidyalaya Mungeshpur, Shahdara, UT Delhi - 110039",RO-MUMBAI,MUMBAI,29,VILL MUNGESHPUR - MUNGESHPUR - 110039,"जवाहर नवोदय विद्यालय मुंगेशपुर, शाहदरा, यूटी दिल्ली - 110039",605,2024,0,/nvs-school/dl/shahdara
nd,"Jawahar Navodaya Vidyalaya Bakhtawarpur, North Delhi, UT Delhi - 110036",RO-MUMBAI,MUMBAI,29,SKV BAKHTAWARPUR - Bakhtawarpur - 110036,"जवाहर नवोदय विद्यालय बख्तावरपुर, उत्तरी दिल्ली, यूटी दिल्ली - 110036",606,2024,0,/nvs-school/dl/nd
lm,"PM-SHRI Jawahar Navodaya Vidyalaya Minicoy, Lakshadweep (Minicoy), UT Lakshdweep - 682559",RO-HYDERABAD,HYDERABAD,30,"MINICOY ISLAND , LAKSHADWEEP - MINICOY - 682559","पीएम-श्री जवाहर नवोदय विद्यालय मिनिकॉय, लक्षद्वीप (मिनिकॉय), यूटी लक्षद्वीप - 682559",607,,0,/nvs-school/ld/lm
karaikal,"PM-SHRI Jawahar Navodaya Vidyalaya Rayanpalayam, Karaikal, UT Puducherry - 609609",RO-HYDERABAD,HYDERABAD,31,NEAR GOVT POLYTECHNIC COLLEGE VARICHIKUDY - RAYANPALAYAM - 609609,"पीएम-श्री जवाहर नवोदय विद्यालय रायनपालयम, कराईकल, यूटी पुडुचेरी - 609609",608,1986,0,/nvs-school/py/karaikal
puducherry,"PM-SHRI Jawahar Navodaya Vidyalaya Periyakalapet, Puducherry, UT Puducherry - 605014",RO-HYDERABAD,HYDERABAD,31,NEAR DR. AMBEDKAR GOVT. LAW COLLEGE - PERIYAKALAPET - 605014,"पीएम-श्री जवाहर नवोदय विद्यालय पेरियाकलापेट, पुडुचेरी, यूटी पुडुचेरी - 605014",609,1986,0,/nvs-school/py/puducherry
mahe,"PM-SHRI Jawahar Navodaya Vidyalaya Pandakkal, Mahe, UT Puducherry - 673310",RO-HYDERABAD,HYDERABAD,31,"PANDAKKAL, MAHE U T OF PUDUCHERRY - PANDAKKAL - 673310","पीएम-श्री जवाहर नवोदय विद्यालय पंडक्कल, माहे, यूटी पुडुचेरी - 673310",610,1988,0,/nvs-school/py/mahe
yanam,"PM-SHRI Jawahar Navodaya Vidyalaya Mettakur, Yanam, UT Puducherry - 533464",RO-HYDERABAD,HYDERABAD,31,NEAR NAYARA PETROL BUNK - METTAKUR - 533464,"पीएम-श्री जवाहर नवोदय विद्यालय मेट्टाकुर, यनम, यूटी पुडुचेरी - 533464",611,1989,0,/nvs-school/py/yanam
u2,"PM-SHRI Jawahar Navodaya Vidyalaya - U S Nagar, Uttarakhand - 263153",RO-PUNE,PUNE,32,NEAR GABA CHOWK - - - 263153,"पीएम-श्री जवाहर नवोदय विद्यालय - यूएस नगर, उत्तराखंड - 263153",612,1986,0,/nvs-school/uk/usn
jakhdhar,"PM-SHRI Jawahar Navodaya Vidyalaya Bansu, Jakhdhar, Rudraprayag, Uttarakhand - 246439",RO-PUNE,PUNE,32,"GUPTKASHI - BANSU, JAKHDHAR - 246439","पीएम-श्री जवाहर नवोदय विद्यालय बांसू, जाखधार, रुद्रप्रयाग, उत्तराखंड - 246439",613,1987,0,/nvs-school/uk/rudraprayag
uttarkashi,"PM-SHRI Jawahar Navodaya Vidyalaya Dhungir, Uttarkashi, Uttarakhand - 249185",RO-PUNE,PUNE,32,PUROLA - DHUNGIR - 249185,"पीएम-श्री जवाहर नवोदय विद्यालय ढुंगीर, उत्तरकाशी, उत्तराखंड - 249185",614,1988,0,/nvs-school/uk/uttarkashi
haridwar,"PM-SHRI Jawahar Navodaya Vidyalaya Roshnabad, Haridwar, Uttarakhand - 249403",RO-PUNE,PUNE,32,VISHISTH ITI - ROSHNABAD - 249403,"पीएम-श्री जवाहर नवोदय विद्यालय रोशनाबाद, हरिद्वार, उत्तराखंड - 249403",615,1993,0,/nvs-school/uk/haridwar
tarikhet,"PM-SHRI Jawahar Navodaya Vidyalaya Tauda,Tarikhet, Almora, Uttarakhand - 263663",RO-PUNE,PUNE,32,"TARIKHET ,RANIKHET ROAD DISTRICKT ALMORA,UTTRAKHAND ,263663 INDIA - TAUDA,TARIKHET - 263663","पीएम-श्री जवाहर नवोदय विद्यालय तौड़ा, ताड़ीखेत, अल्मोड़ा, उत्तराखंड - 263663",616,1987,0,/nvs-school/uk/almora
tg,"PM-SHRI Jawahar Navodaya Vidyalaya Pokhal , Tehri Garhwal, Uttarakhand - 249161",RO-PUNE,PUNE,32,POKHAL - POKHAL - 249161,"पीएम-श्री जवाहर नवोदय विद्यालय पोखाल, टिहरी गढ़वाल, उत्तराखंड - 249161",617,1987,0,/nvs-school/uk/tg
chamoli,"PM-SHRI Jawahar Navodaya Vidyalaya Pipalkoti, Chamoli, Uttarakhand - 246472",RO-PUNE,PUNE,32,PIPALKOTI - PIPALKOTI - 246472,"पीएम-श्री जवाहर नवोदय विद्यालय पीपलकोटी, चमोली, उत्तराखंड - 246472",618,2001,0,/nvs-school/uk/chamoli
champawat,"PM-SHRI Jawahar Navodaya Vidyalaya Latoli, Champawat, Uttarakhand - 262523",RO-PUNE,PUNE,32,LATOLI - LATOLI - 262523,"पीएम-श्री जवाहर नवोदय विद्यालय लतोली, चंपावत, उत्तराखंड - 262523",619,1998,0,/nvs-school/uk/champawat
nainital,"PM-SHRI Jawahar Navodaya Vidyalaya Gangarkote, Nainital, Uttarakhand - 263135",RO-PUNE,PUNE,32,GANGARKOTE - GANGARKOTE - 263135,"पीएम-श्री जवाहर नवोदय विद्यालय गंगरकोट, नैनीताल, उत्तराखंड - 263135",620,2002,0,/nvs-school/uk/nainital
dehradun,"PM-SHRI Jawahar Navodaya Vidyalaya Shankarpur, Dehradun, Uttarakhand - 248197",RO-PUNE,PUNE,32,SHANKARPUR - SHANKARPUR - 248197,"पीएम-श्री जवाहर नवोदय विद्यालय शंकरपुर, देहरादून, उत्तराखंड - 248197",621,2007,0,/nvs-school/uk/dehradun
pithoragarh,"PM-SHRI Jawahar Navodaya Vidyalaya Marsolibhat, Pithoragarh, Uttarakhand - 262530",RO-PUNE,PUNE,32,MARSOLIBHAT - MARSOLIBHAT - 262530,"पीएम-श्री जवाहर नवोदय विद्यालय मर्सोलीभाट, पिथौरागढ़, उत्तराखंड - 262530",622,2004,0,/nvs-school/uk/pithoragarh
bageshwar,"PM-SHRI Jawahar Navodaya Vidyalaya Simar, Bageshwar, Uttarakhand - 263641",RO-PUNE,PUNE,32,VILLAGE SIMAR - SIMAR - 263641,"पीएम-श्री जवाहर नवोदय विद्यालय सिमार, बागेश्वर, उत्तराखंड - 263641",623,2004,0,/nvs-school/uk/bageshwar
pg,"PM-SHRI Jawahar Navodaya Vidyalaya Khairasain, Pauri Garhwal, Uttarakhand - 246172",RO-PUNE,PUNE,32,SATPULI - KHAIRASAIN - 246172,"पीएम-श्री जवाहर नवोदय विद्यालय खैरासैंण, पौड़ी गढ़वाल, उत्तराखंड - 246172",624,2006,0,/nvs-school/uk/pg
darjeeling,"Jawahar Navodaya Vidyalaya Chhabisay , Darjeeling, West Bengal - 734214",RO-BHOPAL,BHOPAL,33,CHHABBISAY CHECK POST - CHHABISAY - 734214,"जवाहर नवोदय विद्यालय छाबीसाय, दार्जिलिंग, पश्चिम बंगाल - 734214",625,2003,0,/nvs-school/wb/darjeeling
murshidabad,"PM-SHRI Jawahar Navodaya Vidyalaya Berhampore, Murshidabad, West Bengal - 742101",RO-BHOPAL,BHOPAL,33,NEAR MURSHIDABAD MEDICAL COLLEGE - BERHAMPORE - 742101,"पीएम-श्री जवाहर नवोदय विद्यालय बरहामपुर, मुर्शिदाबाद, पश्चिम बंगाल - 742101",626,2003,0,/nvs-school/wb/murshidabad
n2p,"PM-SHRI Jawahar Navodaya Vidyalaya Banipur, North 24 Pargana, West Bengal - 743233",RO-BHOPAL,BHOPAL,33,NEAR BANIPUR SUB POST OFFICE - BANIPUR - 743233,"पीएम-श्री जवाहर नवोदय विद्यालय बनीपुर, उत्तर 24 परगना, पश्चिम बंगाल - 743233",627,2003,0,/nvs-school/wb/n2p
burdwan,"PM-SHRI Jawahar Navodaya Vidyalaya Bidhannagar, Burdwan, West Bengal - 713212",RO-BHOPAL,BHOPAL,33,NEAR PARA MEDICAL COLLEGE - BIDHANNAGAR - 713212,"पीएम-श्री जवाहर नवोदय विद्यालय बिधाननगर, बर्दवान, पश्चिम बंगाल - 713212",628,2003,0,/nvs-school/wb/burdwan
nadia,"PM-SHRI Jawahar Navodaya Vidyalaya Kalyani, Nadia, West Bengal - 741235",RO-BHOPAL,BHOPAL,33,BEHIND JIS COLLEGE OF ENGINEERING - KALYANI - 741235,"पीएम-श्री जवाहर नवोदय विद्यालय कल्याणी, नादिया, पश्चिम बंगाल - 741235",629,2003,0,/nvs-school/wb/nadia
em,"PM-SHRI Jawahar Navodaya Vidyalaya Kapasaria, East Medinipur, West Bengal - 721628",RO-BHOPAL,BHOPAL,33,KAPASARIA - Kapasaria - 721628,"पीएम-श्री जवाहर नवोदय विद्यालय कपासारिया, पूर्व मेदिनीपुर, पश्चिम बंगाल - 721628",630,2005,0,/nvs-school/wb/em
bankura,"PM-SHRI Jawahar Navodaya Vidyalaya Kalpathar, Bankura, West Bengal - 722146",RO-BHOPAL,BHOPAL,33,RAM KRISHNA MATH - KALPATHAR - 722146,"पीएम-श्री जवाहर नवोदय विद्यालय कल्पाथर, बांकुरा, पश्चिम बंगाल - 722146",631,2005,0,/nvs-school/wb/bankura
hooghly,"PM-SHRI Jawahar Navodaya Vidyalaya Dihibagnan, Hooghly, West Bengal - 712613",RO-BHOPAL,BHOPAL,33,NEAR HEALTH CENTRE - DIHIBAGNAN - 712613,"पीएम-श्री जवाहर नवोदय विद्यालय दिहिबगनान, हुगली, पश्चिम बंगाल - 712613",632,2005,0,/nvs-school/wb/hooghly
barobisha,"PM-SHRI Jawahar Navodaya Vidyalaya Purbachakchaka, Barobisha, Alipurduar, West Bengal - 736207",RO-BHOPAL,BHOPAL,33,"OPOSIT ASHOK LEYLAND SERVICE CENTRE - PURBACHAKCHAKA, BAROBISHA - 736207","पीएम-श्री जवाहर नवोदय विद्यालय पुरबाचकचका, बारोबिशा, अलीपुरद्वार, पश्चिम बंगाल - 736207",633,2005,0,/nvs-school/wb/alipurduar
ud,"Jawahar Navodaya Vidyalaya Haripur, Uttar Dinazpur, West Bengal - 733201",RO-BHOPAL,BHOPAL,33,TEESTA COLONY DALKHOLA - HARIPUR - 733201,"जवाहर नवोदय विद्यालय हरिपुर, उत्तर दिनाजपुर, पश्चिम बंगाल - 733201",634,2005,0,/nvs-school/wb/ud
birbhum,"PM-SHRI Jawahar Navodaya Vidyalaya Gopalpur, Birbhum, West Bengal - 731303",RO-BHOPAL,BHOPAL,33,NEAR GOPALPURGRAM RAILWAY STATION - GOPALPUR - 731303,"पीएम-श्री जवाहर नवोदय विद्यालय गोपालपुर, बीरभूम, पश्चिम बंगाल - 731303",635,2006,0,/nvs-school/wb/birbhum
cb,"Jawahar Navodaya Vidyalaya Tufanganj New Town, Cooch Behar, West Bengal - 736160",RO-BHOPAL,BHOPAL,33,SCIENCE BUILDING OF TUFANGANJ MAHAVIDYALAYA - TUFANGANJ NEW TOWN - 736160,"जवाहर नवोदय विद्यालय तूफानगंज न्यू टाउन, कूच बिहार, पश्चिम बंगाल - 736160",636,2006,0,/nvs-school/wb/cb
howrah,"Jawahar Navodaya Vidyalaya Gangadharpur, Howrah, West Bengal - 711302",RO-BHOPAL,BHOPAL,33,NEAR B.ED COLLAGE - GANGADHARPUR - 711302,"जवाहर नवोदय विद्यालय गंगाधरपुर, हावड़ा, पश्चिम बंगाल - 711302",637,2006,0,/nvs-school/wb/howrah
wm,"PM-SHRI Jawahar Navodaya Vidyalaya Muradanga, West Medinipur, West Bengal - 721102",RO-BHOPAL,BHOPAL,33,NEAR RAJA N.L.KHAN COLLEGE - MURADANGA - 721102,"पीएम-श्री जवाहर नवोदय विद्यालय मुरादंगा, पश्चिम मेदिनीपुर, पश्चिम बंगाल - 721102",638,2006,0,/nvs-school/wb/wm
purulia,"PM-SHRI Jawahar Navodaya Vidyalaya Dabar Balrampur, Purulia, West Bengal - 723103",RO-BHOPAL,BHOPAL,33,NEAR GOPAL MOD - DABAR BALRAMPUR - 723103,"पीएम-श्री जवाहर नवोदय विद्यालय डाबर बलरामपुर, पुरुलिया, पश्चिम बंगाल - 723103",639,2008,0,/nvs-school/wb/purulia
s2p,"PM-SHRI Jawahar Navodaya Vidyalaya Jibantala , South 24 Parganas, West Bengal - 743376",RO-BHOPAL,BHOPAL,33,CANNING-II BDO OFFICE - JIBANTALA - 743376,"पीएम-श्री जवाहर नवोदय विद्यालय जिबनतला, दक्षिण 24 परगना, पश्चिम बंगाल - 743376",640,2010,0,/nvs-school/wb/s2p
sd,"PM-SHRI Jawahar Navodaya Vidyalaya Mangalpur, South Dinajpur, West Bengal - 733103",RO-BHOPAL,BHOPAL,33,NEAR DAV SCHOOL - MANGALPUR - 733103,"पीएम-श्री जवाहर नवोदय विद्यालय मंगलपुर, दक्षिण दिनाजपुर, पश्चिम बंगाल - 733103",641,2009,0,/nvs-school/wb/sd
jalpaiguri,"PM-SHRI Jawahar Navodaya Vidyalaya Nagrakata, Jalpaiguri, West Bengal - 735225",RO-BHOPAL,BHOPAL,33,NEAR BIRSHA MUNDA MORE - NAGRAKATA - 735225,"पीएम-श्री जवाहर नवोदय विद्यालय नागराकाटा, जलपाईगुड़ी, पश्चिम बंगाल - 735225",642,2017,0,/nvs-school/wb/jalpaiguri
kbaa,"PM-SHRI Jawahar Navodaya Vidyalaya Kagaznagar, Kumuram Bheem Asifabad (Adilabad), Telangana - 504296",RO-HYDERABAD,HYDERABAD,34,NEAR GOVT. JUNIOR COLLEGE - KAGAZNAGAR - 504296,"पीएम-श्री जवाहर नवोदय विद्यालय कागजनगर, कुमुराम भीम आसिफाबाद (आदिलाबाद), तेलंगाना - 504296",643,1987,0,/nvs-school/tg/kbaa
karimnagar,"PM-SHRI Jawahar Navodaya Vidyalaya Choppadandi, Karimnagar, Telangana - 505415",RO-HYDERABAD,HYDERABAD,34,CHOPPADANDI - CHOPPADANDI - 505415,"पीएम-श्री जवाहर नवोदय विद्यालय चोप्पाडंडी, करीमनगर, तेलंगाना - 505415",644,1988,0,/nvs-school/tg/karimnagar
khammam,"PM-SHRI Jawahar Navodaya Vidyalaya Palair, Khammam, Telangana - 507157",RO-HYDERABAD,HYDERABAD,34,PALAIR - PALAIR - 507157,"पीएम-श्री जवाहर नवोदय विद्यालय पलायर, खम्मम, तेलंगाना - 507157",645,1988,0,/nvs-school/tg/khammam
nm,"PM-SHRI Jawahar Navodaya Vidyalaya Vattem, Nagarkurnool (Mahabubnagar), Telangana - 509203",RO-HYDERABAD,HYDERABAD,34,NEAR VATTEM TEMPLE - VATTEM - 509203,"पीएम-श्री जवाहर नवोदय विद्यालय वट्टेम, नागरकुरनूल (महबूबनगर), तेलंगाना - 509203",646,1994,0,/nvs-school/tg/nm
sm,"PM-SHRI Jawahar Navodaya Vidyalaya Wargal, Siddipet (Medak), Telangana- 502279",RO-HYDERABAD,HYDERABAD,34,NEAR AVUSULONIPALLY - WARGAL - 502279,"पीएम-श्री जवाहर नवोदय विद्यालय वारगल, सिद्दिपेट (मेडक), तेलंगाना- 502279",647,1987,0,/nvs-school/tg/sm
nalgonda,"PM-SHRI Jawahar Navodaya Vidyalaya Chalakurthy, Nalgonda, Telangana - 508202",RO-HYDERABAD,HYDERABAD,34,Chalakurthy Camp - Chalakurthy - 508202,"पीएम-श्री जवाहर नवोदय विद्यालय चालकुर्थी, नलगोंडा, तेलंगाना - 508202",648,1986,0,/nvs-school/tg/nalgonda
kn,"PM-SHRI Jawahar Navodaya Vidyalaya Nizamsagar, Kamareddy (Nizamabad), Telangana - 503302",RO-HYDERABAD,HYDERABAD,34,NEAR NIZAMSAGAR PROJECT - Nizamsagar - 503302,"पीएम-श्री जवाहर नवोदय विद्यालय निज़ामसागर, कामारेड्डी (निज़ामाबाद), तेलंगाना - 503302",649,1986,0,/nvs-school/tg/kn
rr,"PM-SHRI Jawahar Navodaya Vidyalaya Nallagandla, Ranga Reddy, Telangana - 500046",RO-HYDERABAD,HYDERABAD,34,NEAR APARNA SAROVAR - NALLAGANDLA - 500046,"पीएम-श्री जवाहर नवोदय विद्यालय नल्लागंदला, रंगारेड्डी, तेलंगाना - 500046",650,1987,0,/nvs-school/tg/rr
warangal,"PM-SHRI Jawahar Navodaya Vidyalaya Mamnoor , Warangal, Telangana - 506166",RO-HYDERABAD,HYDERABAD,34,PENSINPURAM - MAMNOOR - 506166,"पीएम-श्री जवाहर नवोदय विद्यालय ममनूर, वारंगल, तेलंगाना - 506166",651,1992,0,/nvs-school/tg/warangal
bk,"Jawahar Navodaya Vidyalaya Karakagudem, Bhadra Kothagudem, Telangana - 507117",RO-HYDERABAD,HYDERABAD,34,"ZPHS, KARAKAGUDEM - KARAKAGUDEM - 507117","जवाहर नवोदय विद्यालय करकागुडेम, भद्रा कोठागुडेम, तेलंगाना - 507117",1071,2025,0,/nvs-school/tg/bk
jagtial,"Jawahar Navodaya Vidyalaya Korutla, Jagtial, Telangana - 505326",RO-HYDERABAD,HYDERABAD,34,OLD BC HOSTEL ALLAMAYYA GUTTA - KORUTLA - 505326,"जवाहर नवोदय विद्यालय कोरुतला, जगतियाल, तेलंगाना - 505326",1069,2025,0,/nvs-school/tg/jagtial
mn,"Jawahar Navodaya Vidyalaya Bandameedipally, Mahabubnagar (New), Telangana - 509001",RO-HYDERABAD,HYDERABAD,34,DURGA BHAI MAHILA SISHU VIKASA KENDRAM BUILDING - BANDAMEEDIPALLY - 509001,"जवाहर नवोदय विद्यालय बंदामेदिपल्ली, महबूबनगर (नया), तेलंगाना - 509001",1070,2025,0,/nvs-school/tg/mn
mm,"Jawahar Navodaya Vidyalaya Keesara, Medachal- Malkajgiri, Telangana - 501301",RO-HYDERABAD,HYDERABAD,34,OPPOSITE: KEESARA POLICE STATION - KEESARA - 501301,"जवाहर नवोदय विद्यालय कीसरा, मेदाचल- मलकाजगिरी, तेलंगाना - 501301",1073,2025,0,/nvs-school/tg/mm
nn,"Jawahar Navodaya Vidyalaya Chakradhar Nagar Thanda P.O : Mallaram, Nizamabad (New), Telangana - 503003",RO-HYDERABAD,HYDERABAD,34,INSIDE DIET COLLEGE CAMPUS - CHAKRADHAR NAGAR THANDA P.O : Mallaram - 503003,"जवाहर नवोदय विद्यालय चक्रधर नगर थांडा पोस्ट ऑफिस: मल्लाराम, निज़ामाबाद (नया), तेलंगाना - 503003",1076,2025,0,/nvs-school/tg/nn
suryapet,"Jawahar Navodaya Vidyalaya Suryapet, Suryapet, Telangana - 508213",RO-HYDERABAD,HYDERABAD,34,MAMILLAGADDA - SURYAPET - 508213,"जवाहर नवोदय विद्यालय सूर्यपेट, सूर्यपेट, तेलंगाना - 508213",1077,2025,0,/nvs-school/tg/suryapet
leh,"PM-SHRI Jawahar Navodaya Vidyalaya Choglamsar, Leh, UT Ladakh - 194101",RO-JAIPUR,JAIPUR,35,"LEH MANALI HIGH WAY, NEAR KENDRIYA VIDYALAYA - CHOGLAMSAR - 194101","पीएम-श्री जवाहर नवोदय विद्यालय चोगलामसर, लेह, यूटी लद्दाख - 194101",652,1986,0,/nvs-school/la/leh
kargil,"PM-SHRI Jawahar Navodaya Vidyalaya Saliskote, Kargil, UT Ladakh- 194103",RO-JAIPUR,JAIPUR,35,NEAR UNIVERSITY OF LADAKH - SALISKOTE - 194103,"पीएम-श्री जवाहर नवोदय विद्यालय सलिसकोट, कारगिल, यूटी लद्दाख- 194103",653,1987,0,/nvs-school/la/kargil
